flight_id,airline_code,airline_name,alliance,flight_numbers,origin,origin_city,destination,destination_city,departure_utc,arrival_utc,duration_minutes,stops,layover_airports,layover_minutes,cabin_class,price,currency,seats_available,aircraft_type,on_time_performance,baggage_included,refundable,demand_level,season,is_holiday_season
F000001,NH,ANA,star,NH1954,MAA,Chennai,IST,Istanbul,2026-05-23T16:15:00Z,2026-05-24T00:15:00Z,480,0,,0,Economy,764.05,USD,3,A330-300,93,True,True,medium,shoulder,False
F000101,NH,ANA,star,NH5319;NH3542,PVG,Shanghai,HKG,Hong Kong,2025-07-21T09:10:00Z,2025-07-22T10:57:00Z,1547,1,FRA,117,Business,584.78,USD,4,A321neo,78,True,True,high,summer_peak,False
F000201,TK,Turkish Airlines,star,TK3947,JFK,New York,MAA,Chennai,2025-05-14T21:25:00Z,2025-05-15T14:55:00Z,1050,0,,0,Economy,1419.02,USD,5,A320neo,89,True,False,medium,shoulder,False
F000301,AF,Air France,skyteam,AF6929;AF7326;AF4226,BKK,Bangkok,BCN,Barcelona,2026-02-07T14:40:00Z,2026-02-09T04:04:00Z,2244,2,SFO;JFK,396,Economy,516.2,USD,8,A350-900,76,True,False,low,winter_low,False
F000401,DL,Delta,skyteam,DL5300,ICN,Seoul,BOM,Mumbai,2025-06-18T22:50:00Z,2025-06-19T06:25:00Z,455,0,,0,Economy,898.69,USD,5,A321neo,80,True,False,high,summer_peak,False
F000501,LH,Lufthansa,star,LH4004;LH779,DOH,Doha,SYD,Sydney,2025-01-17T16:00:00Z,2025-01-18T12:56:00Z,1256,1,SIN,239,Economy,940.32,USD,7,E190,80,False,False,low,winter_low,False
F000601,KL,KLM,skyteam,KL1154;KL5851,SIN,Singapore,FRA,Frankfurt,2026-06-29T07:55:00Z,2026-06-30T16:53:00Z,1978,1,SFO,194,Economy,1119.91,USD,4,B737-800,74,False,True,high,summer_peak,False
F000701,TK,Turkish Airlines,star,TK6625,DOH,Doha,AKL,Auckland,2026-05-01T07:05:00Z,2026-05-02T01:55:00Z,1130,0,,0,Economy,1463.77,USD,3,E190,88,True,False,medium,shoulder,False
F000801,TG,Thai Airways,star,TG8965;TG7457,PEK,Beijing,GIG,Rio de Janeiro,2025-04-27T02:00:00Z,2025-04-28T03:23:00Z,1523,1,DOH,117,Economy,1254.47,USD,3,B767-300,86,True,False,medium,shoulder,False
F000901,SQ,Singapore Airlines,star,SQ4648,HKG,Hong Kong,DOH,Doha,2025-06-12T11:30:00Z,2025-06-12T20:01:00Z,511,0,,0,Business,3603.51,USD,4,A330-300,87,True,True,high,summer_peak,False
F001001,DL,Delta,skyteam,DL576,LHR,London,ORD,Chicago,2025-10-19T18:25:00Z,2025-10-20T03:00:00Z,515,0,,0,First,3611.31,USD,9,A320neo,86,True,True,medium,shoulder,False
F001101,UA,United Airlines,star,UA354,SFO,San Francisco,HKG,Hong Kong,2026-06-25T00:05:00Z,2026-06-25T14:39:00Z,874,0,,0,Economy,1625.82,USD,7,A380-800,82,False,False,high,summer_peak,False
F001201,AA,American Airlines,oneworld,AA5067;AA8046,ORD,Chicago,PVG,Shanghai,2025-12-09T17:50:00Z,2025-12-10T17:46:00Z,1436,1,IST,96,Economy,884.72,USD,8,B777-300ER,82,True,False,medium,shoulder,False
F001301,AA,American Airlines,oneworld,AA5507,MEX,Mexico City,IST,Istanbul,2026-05-29T04:50:00Z,2026-05-29T19:44:00Z,894,0,,0,Economy,1199.51,USD,6,A380-800,84,True,True,medium,shoulder,False
F001401,CX,Cathay Pacific,oneworld,CX3647,AKL,Auckland,GIG,Rio de Janeiro,2025-12-03T17:45:00Z,2025-12-04T09:44:00Z,959,0,,0,Economy,2034.69,USD,6,B787-9,86,False,False,high,summer_peak,False
F001501,TG,Thai Airways,star,TG8188;TG5733;TG5256,ORD,Chicago,SYD,Sydney,2026-04-26T11:10:00Z,2026-04-27T22:59:00Z,2149,2,SFO;HKG,419,Economy,842.5,USD,6,B737-800,78,False,False,medium,shoulder,False
F001601,CX,Cathay Pacific,oneworld,CX2113,DEL,Delhi,SFO,San Francisco,2025-01-06T18:50:00Z,2025-01-07T10:58:00Z,968,0,,0,Business,3993.63,USD,9,A320neo,96,True,True,low,winter_low,False
F001701,KE,Korean Air,skyteam,KE8294;KE9055,PVG,Shanghai,CDG,Paris,2025-10-27T08:30:00Z,2025-10-28T00:48:00Z,978,1,IST,131,Economy,777.72,USD,6,B737-800,79,False,False,medium,shoulder,False
F001801,TK,Turkish Airlines,star,TK8994,DOH,Doha,PVG,Shanghai,2025-07-05T10:05:00Z,2025-07-05T19:14:00Z,549,0,,0,Economy,1068.48,USD,6,A350-900,84,True,True,high,summer_peak,False
F001901,TG,Thai Airways,star,TG5935;TG2468;TG2625,PVG,Shanghai,ORD,Chicago,2025-11-13T22:00:00Z,2025-11-15T10:30:00Z,2190,2,JFK;AMS,247,Economy,734.99,USD,8,E190,78,True,False,medium,shoulder,False
F002001,DL,Delta,skyteam,DL9438;DL4055,LHR,London,NRT,Tokyo,2025-05-28T05:05:00Z,2025-05-29T04:58:00Z,1433,1,SIN,136,Economy,806.69,USD,3,A320neo,85,True,False,medium,shoulder,False
F002101,QF,Qantas,oneworld,QF1711,MAA,Chennai,CDG,Paris,2025-08-23T09:20:00Z,2025-08-23T20:01:00Z,641,0,,0,Economy,1379.73,USD,4,A320neo,88,False,True,high,summer_peak,False
F002201,CX,Cathay Pacific,oneworld,CX3784,CPT,Cape Town,NRT,Tokyo,2025-04-04T10:25:00Z,2025-04-05T05:33:00Z,1148,0,,0,Premium Economy,3440.95,USD,3,B767-300,89,True,False,medium,shoulder,False
F002301,QF,Qantas,oneworld,QF188;QF677,IST,Istanbul,MAA,Chennai,2025-02-14T07:10:00Z,2025-02-15T19:11:00Z,2161,1,SFO,231,Economy,420.09,USD,8,B767-300,85,True,False,low,winter_low,False
F002401,KE,Korean Air,skyteam,KE5242;KE6968,LHR,London,LIS,Lisbon,2025-07-24T16:45:00Z,2025-07-25T11:16:00Z,1111,1,DXB,159,Economy,229.29,USD,2,A380-800,74,False,False,high,summer_peak,False
F002501,NH,ANA,star,NH8778,AMS,Amsterdam,GRU,Sao Paulo,2025-12-03T00:15:00Z,2025-12-03T13:08:00Z,773,0,,0,Economy,1158.18,USD,8,A330-300,91,True,False,medium,shoulder,False
F002601,QR,Qatar Airways,oneworld,QR8143;QR1114,GIG,Rio de Janeiro,DOH,Doha,2025-07-01T00:15:00Z,2025-07-02T08:29:00Z,1934,1,LAX,93,First,5078.69,USD,5,A350-900,87,True,True,low,winter_low,False
F002701,CX,Cathay Pacific,oneworld,CX1421,MAA,Chennai,MEX,Mexico City,2025-11-16T07:20:00Z,2025-11-17T04:30:00Z,1270,0,,0,Business,6466.87,USD,3,A320neo,94,True,True,medium,shoulder,False
F002801,JL,Japan Airlines,oneworld,JL9264,FCO,Rome,LAX,Los Angeles,2025-04-01T23:45:00Z,2025-04-02T13:10:00Z,805,0,,0,Economy,1169.34,USD,8,A320neo,88,True,False,medium,shoulder,False
F002901,KE,Korean Air,skyteam,KE2176;KE3432;KE6277,PVG,Shanghai,LAX,Los Angeles,2025-05-12T07:00:00Z,2025-05-13T16:50:00Z,2030,2,DXB;AMS,369,Economy,693.74,USD,4,A321neo,72,True,False,medium,shoulder,False
F003001,QR,Qatar Airways,oneworld,QR6506;QR8015,DOH,Doha,GIG,Rio de Janeiro,2025-01-22T18:55:00Z,2025-01-23T15:57:00Z,1262,1,LHR,95,Premium Economy,1585.18,USD,8,B767-300,84,True,True,low,winter_low,False
F003101,JL,Japan Airlines,oneworld,JL3794,MEX,Mexico City,NRT,Tokyo,2025-09-07T11:55:00Z,2025-09-08T02:38:00Z,883,0,,0,Economy,1430.55,USD,6,A321neo,93,True,False,medium,shoulder,False
F003201,AF,Air France,skyteam,AF9681;AF7593,GIG,Rio de Janeiro,IST,Istanbul,2026-02-28T10:50:00Z,2026-03-01T22:27:00Z,2137,1,ICN,105,Business,3911.52,USD,5,A350-900,76,True,True,high,summer_peak,False
F003301,TG,Thai Airways,star,TG9716;TG1931,MEX,Mexico City,KUL,Kuala Lumpur,2025-03-28T08:40:00Z,2025-03-29T12:50:00Z,1690,1,FRA,145,Economy,1255.77,USD,3,E190,84,True,False,medium,shoulder,False
F003401,EK,Emirates,none,EK1381,SFO,San Francisco,IST,Istanbul,2025-08-08T13:10:00Z,2025-08-09T03:17:00Z,847,0,,0,First,8783.4,USD,6,A350-900,92,True,True,high,summer_peak,False
F003501,CX,Cathay Pacific,oneworld,CX1095,GIG,Rio de Janeiro,MEX,Mexico City,2026-01-05T23:40:00Z,2026-01-06T09:54:00Z,614,0,,0,Economy,1315.93,USD,7,A350-900,90,True,False,high,summer_peak,False
F003601,AI,Air India,star,AI8018;AI8437;AI1652,AKL,Auckland,MEX,Mexico City,2025-04-24T18:20:00Z,2025-04-26T14:31:00Z,2651,2,SIN;IST,397,Economy,642.86,USD,3,E190,74,False,False,medium,shoulder,False
F003701,KL,KLM,skyteam,KL4254,CPT,Cape Town,DXB,Dubai,2025-05-30T19:05:00Z,2025-05-31T05:18:00Z,613,0,,0,Economy,842.94,USD,8,A350-900,88,False,False,medium,shoulder,False
F003801,KL,KLM,skyteam,KL1779,GIG,Rio de Janeiro,LHR,London,2025-05-04T11:25:00Z,2025-05-04T23:39:00Z,734,0,,0,Economy,1020.82,USD,4,A330-300,87,True,False,medium,shoulder,False
F003901,UA,United Airlines,star,UA4041;UA7190,DXB,Dubai,GIG,Rio de Janeiro,2025-06-18T07:40:00Z,2025-06-19T11:14:00Z,1654,1,JFK,170,Economy,1282.21,USD,5,B777-300ER,79,False,False,high,summer_peak,False
F004001,UA,United Airlines,star,UA5923;UA4689,JFK,New York,SFO,San Francisco,2025-11-10T11:15:00Z,2025-11-11T08:57:00Z,1302,1,LHR,161,Economy,362.19,USD,8,B737-800,83,True,False,medium,shoulder,False
F004101,JL,Japan Airlines,oneworld,JL8430;JL7780,AKL,Auckland,AMS,Amsterdam,2026-04-10T05:25:00Z,2026-04-11T10:12:00Z,1727,1,JFK,143,Economy,1931.22,USD,4,A380-800,79,True,False,high,spring_break,True
F004201,QF,Qantas,oneworld,QF3233;QF2593;QF4797,FRA,Frankfurt,MEX,Mexico City,2025-01-28T19:40:00Z,2025-01-30T12:42:00Z,2462,2,NRT;AMS,252,Economy,561.47,USD,4,B767-300,80,False,False,low,winter_low,False
F004301,AA,American Airlines,oneworld,AA6476,DXB,Dubai,BOM,Mumbai,2025-02-18T11:45:00Z,2025-02-18T14:49:00Z,184,0,,0,Business,688.38,USD,6,A350-900,85,True,True,low,winter_low,False
F004401,JL,Japan Airlines,oneworld,JL7195;JL6687,LHR,London,BKK,Bangkok,2025-01-01T09:55:00Z,2025-01-02T16:07:00Z,1812,1,LAX,79,Premium Economy,2878.46,USD,3,B767-300,79,True,False,peak,year_end_holidays,True
F004501,AA,American Airlines,oneworld,AA6095;AA8493;AA1444,SIN,Singapore,MEL,Melbourne,2025-04-07T16:45:00Z,2025-04-09T08:08:00Z,2363,2,IST;AMS,190,Business,1588.93,USD,3,B787-9,76,True,True,high,spring_break,True
F004601,SQ,Singapore Airlines,star,SQ397;SQ462,BOM,Mumbai,HKG,Hong Kong,2025-01-30T21:50:00Z,2025-02-01T09:01:00Z,2111,1,LAX,108,Economy,312.33,USD,9,B787-9,84,False,False,low,winter_low,False
F004701,KL,KLM,skyteam,KL2410,LHR,London,IST,Istanbul,2025-03-17T08:15:00Z,2025-03-17T12:01:00Z,226,0,,0,Economy,279.83,USD,6,E190,84,False,False,medium,shoulder,False
F004801,CX,Cathay Pacific,oneworld,CX6899,CDG,Paris,LIS,Lisbon,2026-06-14T08:15:00Z,2026-06-14T10:45:00Z,150,0,,0,Economy,307.18,USD,6,A330-300,87,True,False,high,summer_peak,False
F004901,TG,Thai Airways,star,TG9061,SIN,Singapore,JFK,New York,2026-01-19T23:10:00Z,2026-01-20T19:00:00Z,1190,0,,0,Business,4858.72,USD,8,B767-300,88,True,True,low,winter_low,False
F005001,AA,American Airlines,oneworld,AA2778;AA2099,CDG,Paris,PEK,Beijing,2025-01-13T15:50:00Z,2025-01-14T15:04:00Z,1394,1,SIN,174,Economy,528.25,USD,4,E190,83,False,False,low,winter_low,False
F005101,KL,KLM,skyteam,KL4327,AMS,Amsterdam,DPS,Bali,2025-11-07T17:30:00Z,2025-11-08T09:21:00Z,951,0,,0,Premium Economy,2339.68,USD,7,B767-300,91,True,False,medium,shoulder,False
F005201,KE,Korean Air,skyteam,KE2814;KE8071,SFO,San Francisco,BOM,Mumbai,2026-01-01T15:40:00Z,2026-01-02T12:26:00Z,1246,1,LAX,77,Economy,1858.18,USD,4,B787-9,71,True,True,peak,year_end_holidays,True
F005301,KL,KLM,skyteam,KL3770;KL6329;KL4858,ORD,Chicago,FRA,Frankfurt,2025-01-15T20:20:00Z,2025-01-17T02:53:00Z,1833,2,LHR;JFK,359,First,2160.22,USD,4,A321neo,73,True,True,low,winter_low,False
F005401,QF,Qantas,oneworld,QF6460;QF3285,DXB,Dubai,AMS,Amsterdam,2025-06-14T08:20:00Z,2025-06-14T17:20:00Z,540,1,IST,70,Economy,670.14,USD,2,A380-800,82,False,False,high,summer_peak,False
F005501,KL,KLM,skyteam,KL7069;KL7652,AMS,Amsterdam,DEL,Delhi,2025-10-10T18:30:00Z,2025-10-11T17:58:00Z,1408,1,NRT,187,Business,1706.97,USD,9,B777-300ER,78,True,True,medium,shoulder,False
F005601,AI,Air India,star,AI1755;AI8487,JFK,New York,FRA,Frankfurt,2026-03-07T08:05:00Z,2026-03-08T07:01:00Z,1376,1,DOH,145,Economy,425.61,USD,5,A330-300,86,False,True,medium,shoulder,False
F005701,QR,Qatar Airways,oneworld,QR6213;QR9418,ICN,Seoul,YYZ,Toronto,2026-06-06T10:10:00Z,2026-06-07T09:34:00Z,1404,1,LHR,233,Economy,1282.47,USD,7,A320neo,78,True,False,high,summer_peak,False
F005801,TK,Turkish Airlines,star,TK6322;TK4220,AKL,Auckland,FRA,Frankfurt,2026-04-18T08:10:00Z,2026-04-19T10:24:00Z,1574,1,DXB,66,Business,5683.34,USD,3,B787-9,76,True,True,high,spring_break,True
F005901,NH,ANA,star,NH6480;NH9838;NH5131,BKK,Bangkok,AKL,Auckland,2025-07-08T08:15:00Z,2025-07-10T02:48:00Z,2553,2,FRA;DXB,331,Economy,963.15,USD,3,A380-800,72,True,True,high,summer_peak,False
F006001,KL,KLM,skyteam,KL6803,CPT,Cape Town,DOH,Doha,2026-04-29T12:05:00Z,2026-04-29T22:03:00Z,598,0,,0,Economy,749.49,USD,5,A350-900,85,False,False,medium,shoulder,False
F006101,SQ,Singapore Airlines,star,SQ454;SQ8674,PVG,Shanghai,FRA,Frankfurt,2026-06-28T19:05:00Z,2026-06-29T11:37:00Z,992,1,HKG,132,Business,3244.76,USD,7,A330-300,79,True,True,high,summer_peak,False
F006201,DL,Delta,skyteam,DL637;DL5519,DXB,Dubai,GIG,Rio de Janeiro,2026-03-18T13:05:00Z,2026-03-19T08:11:00Z,1146,1,DOH,174,Business,3254.72,USD,9,A350-900,80,True,True,medium,shoulder,False
F006301,BA,British Airways,oneworld,BA9860;BA6860,LAX,Los Angeles,IST,Istanbul,2025-01-01T22:10:00Z,2025-01-02T16:18:00Z,1088,1,CDG,160,Economy,1463.55,USD,1,A321neo,77,True,False,peak,year_end_holidays,True
F006401,DL,Delta,skyteam,DL9647,LAX,Los Angeles,ICN,Seoul,2025-03-04T15:00:00Z,2025-03-05T03:42:00Z,762,0,,0,Economy,1066.16,USD,9,A321neo,91,True,False,medium,shoulder,False
F006501,BA,British Airways,oneworld,BA4780;BA4465,DOH,Doha,MEX,Mexico City,2026-03-10T13:55:00Z,2026-03-11T12:46:00Z,1371,1,AMS,232,Economy,1103.37,USD,3,A380-800,85,True,False,medium,shoulder,False
F006601,AF,Air France,skyteam,AF8107;AF8848;AF6905,DOH,Doha,DPS,Bali,2025-11-27T21:35:00Z,2025-11-29T05:23:00Z,1908,2,FRA;NRT,322,Business,2640.8,USD,2,A330-300,74,True,True,high,thanksgiving_peak,True
F006701,KE,Korean Air,skyteam,KE1495,FRA,Frankfurt,YYZ,Toronto,2025-05-16T17:40:00Z,2025-05-17T02:15:00Z,515,0,,0,Economy,612.37,USD,5,E190,86,True,False,medium,shoulder,False
F006801,AI,Air India,star,AI9367,MEX,Mexico City,CDG,Paris,2025-12-27T19:30:00Z,2025-12-28T07:39:00Z,729,0,,0,Economy,1476.59,USD,4,A380-800,81,False,True,peak,year_end_holidays,True
F006901,UA,United Airlines,star,UA7437;UA8651,IST,Istanbul,CPT,Cape Town,2026-01-25T15:40:00Z,2026-01-26T08:05:00Z,985,1,DXB,105,Economy,632.7,USD,6,A380-800,78,True,False,low,winter_low,False
F007001,KE,Korean Air,skyteam,KE805;KE5816,MEX,Mexico City,LHR,London,2025-04-04T21:25:00Z,2025-04-06T01:31:00Z,1686,1,DOH,155,Premium Economy,1150.65,USD,5,B777-300ER,78,True,True,medium,shoulder,False
F007101,AI,Air India,star,AI9147;AI4312,HKG,Hong Kong,MEX,Mexico City,2025-03-29T16:35:00Z,2025-03-30T19:58:00Z,1643,1,CDG,155,Economy,966.9,USD,3,A350-900,82,True,False,medium,shoulder,False
F007201,QR,Qatar Airways,oneworld,QR6071;QR5249,ORD,Chicago,AMS,Amsterdam,2025-01-20T11:05:00Z,2025-01-21T16:25:00Z,1760,1,NRT,227,Premium Economy,889.6,USD,8,E190,85,True,True,low,winter_low,False
F007301,TK,Turkish Airlines,star,TK9735;TK708,CPT,Cape Town,IST,Istanbul,2026-06-02T12:05:00Z,2026-06-03T18:57:00Z,1852,1,JFK,228,Economy,597.42,USD,7,B787-9,82,True,False,low,winter_low,False
F007401,KE,Korean Air,skyteam,KE2119;KE6222,DXB,Dubai,YYZ,Toronto,2025-10-17T22:00:00Z,2025-10-18T15:57:00Z,1077,1,AMS,161,Economy,750.01,USD,8,B737-800,80,True,False,medium,shoulder,False
F007501,AI,Air India,star,AI5377;AI7458;AI9972,MEX,Mexico City,LHR,London,2026-03-04T16:35:00Z,2026-03-06T05:30:00Z,2215,2,SFO;HKG,312,First,3082.23,USD,5,A380-800,73,True,True,medium,shoulder,False
F007601,NH,ANA,star,NH5895;NH6302;NH2228,DEL,Delhi,NRT,Tokyo,2026-03-09T07:05:00Z,2026-03-10T11:23:00Z,1698,2,FRA;CDG,358,Business,1451.23,USD,7,B777-300ER,77,True,True,medium,shoulder,False
F007701,AA,American Airlines,oneworld,AA2325,MEL,Melbourne,IST,Istanbul,2025-02-18T21:40:00Z,2025-02-19T16:38:00Z,1138,0,,0,Economy,2280.59,USD,5,A380-800,83,False,False,high,summer_peak,False
F007801,AI,Air India,star,AI5821;AI138,YYZ,Toronto,DEL,Delhi,2025-09-23T22:05:00Z,2025-09-24T21:41:00Z,1416,1,SFO,136,Economy,728.71,USD,4,A321neo,78,True,False,medium,shoulder,False
F007901,JL,Japan Airlines,oneworld,JL9240;JL1335;JL8239,LAX,Los Angeles,FCO,Rome,2025-04-04T15:25:00Z,2025-04-05T16:35:00Z,1510,2,FRA;IST,452,Economy,721.57,USD,8,A330-300,83,True,True,medium,shoulder,False
F008001,KE,Korean Air,skyteam,KE3449,YYZ,Toronto,DOH,Doha,2025-06-05T11:50:00Z,2025-06-06T02:05:00Z,855,0,,0,Premium Economy,3028.08,USD,6,A320neo,88,True,False,high,summer_peak,False
F008101,UA,United Airlines,star,UA4405;UA9015,DXB,Dubai,SYD,Sydney,2025-02-01T10:10:00Z,2025-02-02T08:52:00Z,1362,1,NRT,97,Premium Economy,1477.98,USD,8,E190,84,True,True,low,winter_low,False
F008201,TG,Thai Airways,star,TG3555;TG8027,JFK,New York,KUL,Kuala Lumpur,2025-12-18T06:40:00Z,2025-12-19T06:16:00Z,1416,1,AMS,131,Economy,1842.85,USD,1,B767-300,70,False,False,peak,year_end_holidays,True
F008301,KE,Korean Air,skyteam,KE5460,CDG,Paris,FCO,Rome,2025-07-01T22:15:00Z,2025-07-02T00:17:00Z,122,0,,0,Economy,223.36,USD,5,A321neo,82,True,False,high,summer_peak,False
F008401,SQ,Singapore Airlines,star,SQ157;SQ2194;SQ2295,SFO,San Francisco,NRT,Tokyo,2026-04-13T14:45:00Z,2026-04-14T19:17:00Z,1712,2,JFK;ICN,356,Economy,737.07,USD,6,A380-800,77,False,False,high,spring_break,True
F008501,AA,American Airlines,oneworld,AA2728;AA5540,BKK,Bangkok,DXB,Dubai,2025-06-12T22:00:00Z,2025-06-13T11:20:00Z,800,1,HKG,151,Economy,570.29,USD,6,A350-900,77,False,False,high,summer_peak,False
F008601,AA,American Airlines,oneworld,AA9462;AA1884;AA8074,NRT,Tokyo,DEL,Delhi,2025-07-13T13:05:00Z,2025-07-15T05:20:00Z,2415,2,HKG;JFK,220,Premium Economy,955.72,USD,6,B767-300,71,True,False,high,summer_peak,False
F008701,TK,Turkish Airlines,star,TK2166;TK1125,GIG,Rio de Janeiro,MAA,Chennai,2025-01-16T05:45:00Z,2025-01-17T12:57:00Z,1872,1,JFK,203,Premium Economy,2958.76,USD,7,A320neo,80,True,False,high,summer_peak,False
F008801,AF,Air France,skyteam,AF1934;AF3755,BKK,Bangkok,PEK,Beijing,2025-12-07T08:05:00Z,2025-12-08T09:56:00Z,1551,1,LHR,142,Economy,257.88,USD,8,B767-300,84,False,False,medium,shoulder,False
F008901,TK,Turkish Airlines,star,TK1481,BOM,Mumbai,ICN,Seoul,2026-04-01T12:20:00Z,2026-04-01T19:55:00Z,455,0,,0,Economy,619.7,USD,6,E190,84,False,False,medium,shoulder,False
F009001,JL,Japan Airlines,oneworld,JL1669;JL4911,BCN,Barcelona,NRT,Tokyo,2025-10-05T21:05:00Z,2025-10-06T15:51:00Z,1126,1,ICN,233,Economy,827.73,USD,8,A320neo,85,True,False,medium,shoulder,False
F009101,EK,Emirates,none,EK7929,LHR,London,BKK,Bangkok,2025-08-10T18:15:00Z,2025-08-11T06:53:00Z,758,0,,0,Economy,1699.38,USD,3,A320neo,86,False,True,high,summer_peak,False
F009201,QF,Qantas,oneworld,QF4291;QF2342,LHR,London,LAX,Los Angeles,2025-09-29T03:50:00Z,2025-09-29T20:35:00Z,1005,1,JFK,212,Business,2853.63,USD,6,B777-300ER,88,True,True,medium,shoulder,False
F009301,EK,Emirates,none,EK6408,CDG,Paris,SIN,Singapore,2025-01-27T21:10:00Z,2025-01-28T11:14:00Z,844,0,,0,Economy,1200.94,USD,5,B787-9,93,False,False,low,winter_low,False
F009401,QR,Qatar Airways,oneworld,QR5878;QR9188,BOM,Mumbai,AKL,Auckland,2025-01-04T16:45:00Z,2025-01-05T12:40:00Z,1195,1,SIN,191,Business,3672.6,USD,7,B787-9,89,True,True,low,winter_low,False
F009501,TG,Thai Airways,star,TG4590;TG9409,BKK,Bangkok,CPT,Cape Town,2026-06-23T13:40:00Z,2026-06-24T16:04:00Z,1584,1,CDG,94,Economy,1137.58,USD,2,B767-300,81,False,True,high,summer_peak,False
F009601,KE,Korean Air,skyteam,KE6825;KE6087;KE1843,NRT,Tokyo,SVO,Moscow,2026-03-11T20:10:00Z,2026-03-13T09:24:00Z,2234,2,HKG;SFO,351,Economy,551.92,USD,8,B787-9,74,False,False,medium,shoulder,False
F009701,KE,Korean Air,skyteam,KE1509,SVO,Moscow,DPS,Bali,2026-06-24T12:15:00Z,2026-06-25T01:29:00Z,794,0,,0,Economy,1298.78,USD,5,B777-300ER,84,False,False,high,summer_peak,False
F009801,LH,Lufthansa,star,LH4419;LH414,SIN,Singapore,CDG,Paris,2025-11-28T17:45:00Z,2025-11-29T15:03:00Z,1278,1,NRT,69,Economy,1220.24,USD,6,A350-900,82,True,False,high,thanksgiving_peak,True
F009901,QF,Qantas,oneworld,QF3804;QF1849,IST,Istanbul,FRA,Frankfurt,2025-12-08T15:35:00Z,2025-12-09T17:29:00Z,1554,1,ICN,240,Business,519.56,USD,8,B737-800,82,True,True,medium,shoulder,False
F010001,KE,Korean Air,skyteam,KE3688,ICN,Seoul,PEK,Beijing,2025-12-27T22:20:00Z,2025-12-28T00:07:00Z,107,0,,0,Economy,222.58,USD,2,A330-300,77,True,True,peak,year_end_holidays,True
F010101,NH,ANA,star,NH8012,SFO,San Francisco,LIS,Lisbon,2025-05-20T20:25:00Z,2025-05-21T08:29:00Z,724,0,,0,Economy,1148.22,USD,9,A320neo,88,True,False,medium,shoulder,False
F010201,AF,Air France,skyteam,AF6073,SFO,San Francisco,DEL,Delhi,2025-07-23T15:15:00Z,2025-07-24T07:23:00Z,968,0,,0,Economy,1629.22,USD,2,A320neo,85,False,False,high,summer_peak,False
F010301,LH,Lufthansa,star,LH3069;LH7131,PVG,Shanghai,JFK,New York,2025-06-20T19:25:00Z,2025-06-21T17:40:00Z,1335,1,AMS,149,Economy,1179.81,USD,6,B777-300ER,74,True,False,high,summer_peak,False
F010401,JL,Japan Airlines,oneworld,JL6344;JL6956;JL6876,SYD,Sydney,LHR,London,2025-11-27T09:50:00Z,2025-11-29T16:04:00Z,3254,2,CDG;HKG,423,First,11250.88,USD,7,B777-300ER,74,True,True,high,thanksgiving_peak,True
F010501,QF,Qantas,oneworld,QF2715;QF6196;QF7259,DOH,Doha,AMS,Amsterdam,2026-05-02T08:25:00Z,2026-05-03T18:12:00Z,2027,2,JFK;IST,335,Economy,403.91,USD,5,A321neo,81,True,True,medium,shoulder,False
F010601,SQ,Singapore Airlines,star,SQ2380;SQ2958,GIG,Rio de Janeiro,CDG,Paris,2026-05-10T18:30:00Z,2026-05-11T15:10:00Z,1240,1,JFK,144,Economy,848.34,USD,9,A350-900,90,False,False,medium,shoulder,False
F010701,EK,Emirates,none,EK4440,AMS,Amsterdam,MAA,Chennai,2025-08-24T18:25:00Z,2025-08-25T04:55:00Z,630,0,,0,Economy,1256.08,USD,6,B787-9,90,True,False,high,summer_peak,False
F010801,LH,Lufthansa,star,LH3213;LH1331,NRT,Tokyo,DXB,Dubai,2025-05-04T05:55:00Z,2025-05-05T13:09:00Z,1874,1,SFO,202,Business,2257.11,USD,3,A380-800,83,True,True,medium,shoulder,False
F010901,AI,Air India,star,AI2554;AI4429;AI7340,CPT,Cape Town,CDG,Paris,2025-01-27T22:05:00Z,2025-01-28T20:50:00Z,1365,2,DOH;AMS,289,First,4798.56,USD,7,B777-300ER,71,True,True,high,summer_peak,False
F011001,AF,Air France,skyteam,AF936;AF9067;AF9001,DPS,Bali,BCN,Barcelona,2025-11-08T01:05:00Z,2025-11-09T00:50:00Z,1425,2,DXB;FRA,299,Economy,834.57,USD,6,A380-800,78,True,False,medium,shoulder,False
F011101,KL,KLM,skyteam,KL7376;KL9886,MAA,Chennai,HKG,Hong Kong,2025-12-28T01:35:00Z,2025-12-29T03:18:00Z,1543,1,AMS,178,Premium Economy,890.36,USD,4,A380-800,76,True,True,peak,year_end_holidays,True
F011201,QF,Qantas,oneworld,QF6872,BOM,Mumbai,NRT,Tokyo,2025-12-27T10:40:00Z,2025-12-27T19:48:00Z,548,0,,0,Business,4358.37,USD,2,A330-300,80,True,True,peak,year_end_holidays,True
F011301,SQ,Singapore Airlines,star,SQ8666,LAX,Los Angeles,PEK,Beijing,2025-10-16T09:45:00Z,2025-10-16T22:57:00Z,792,0,,0,Economy,1204.41,USD,6,E190,96,False,False,medium,shoulder,False
F011401,AF,Air France,skyteam,AF4364;AF2924;AF8470,ICN,Seoul,YYZ,Toronto,2026-01-13T19:20:00Z,2026-01-15T03:18:00Z,1918,2,JFK;SFO,384,Business,2109.22,USD,6,A380-800,76,True,True,low,winter_low,False
F011501,BA,British Airways,oneworld,BA4764,LHR,London,LIS,Lisbon,2025-05-14T13:10:00Z,2025-05-14T15:47:00Z,157,0,,0,Economy,179.79,USD,8,A320neo,85,True,True,medium,shoulder,False
F011601,NH,ANA,star,NH2987;NH5680,HKG,Hong Kong,MAA,Chennai,2025-02-14T14:45:00Z,2025-02-15T05:53:00Z,908,1,DXB,165,Premium Economy,593.81,USD,9,B777-300ER,84,True,False,low,winter_low,False
F011701,TK,Turkish Airlines,star,TK4311;TK5474;TK2621,PEK,Beijing,JFK,New York,2026-01-18T20:00:00Z,2026-01-20T07:12:00Z,2112,2,SFO;AMS,184,Economy,655.13,USD,4,A330-300,78,True,False,low,winter_low,False
F011801,DL,Delta,skyteam,DL7660,LHR,London,HKG,Hong Kong,2025-05-29T10:10:00Z,2025-05-29T22:52:00Z,762,0,,0,Economy,886.39,USD,9,A350-900,88,False,False,medium,shoulder,False
F011901,DL,Delta,skyteam,DL1314,FCO,Rome,FRA,Frankfurt,2026-03-16T06:00:00Z,2026-03-16T07:51:00Z,111,0,,0,Economy,138.47,USD,7,A330-300,88,True,False,medium,shoulder,False
F012001,BA,British Airways,oneworld,BA6951;BA5142;BA6158,AMS,Amsterdam,PVG,Shanghai,2025-11-23T15:15:00Z,2025-11-25T16:09:00Z,2934,2,NRT;JFK,414,Economy,734.11,USD,4,A320neo,75,True,False,high,thanksgiving_peak,True
F012101,JL,Japan Airlines,oneworld,JL4487;JL142,HKG,Hong Kong,BKK,Bangkok,2025-06-06T20:55:00Z,2025-06-07T23:57:00Z,1622,1,LHR,102,Economy,239.43,USD,6,B737-800,81,False,True,high,summer_peak,False
F012201,TG,Thai Airways,star,TG2183,SFO,San Francisco,GIG,Rio de Janeiro,2025-06-13T19:00:00Z,2025-06-14T08:57:00Z,837,0,,0,Economy,1518.29,USD,2,A321neo,85,True,True,high,summer_peak,False
F012301,BA,British Airways,oneworld,BA7025;BA6510;BA8683,PVG,Shanghai,ORD,Chicago,2026-04-30T15:50:00Z,2026-05-01T21:09:00Z,1759,2,FRA;IST,179,Business,2284.13,USD,9,A321neo,78,True,True,medium,shoulder,False
F012401,KL,KLM,skyteam,KL351;KL9236,SFO,San Francisco,PEK,Beijing,2026-06-11T09:50:00Z,2026-06-12T11:44:00Z,1554,1,CDG,188,Economy,1111.86,USD,3,A321neo,78,False,False,high,summer_peak,False
F012501,DL,Delta,skyteam,DL7642;DL6483;DL453,FCO,Rome,IST,Istanbul,2026-05-25T01:15:00Z,2026-05-25T11:49:00Z,634,2,AMS;LHR,204,Economy,119.47,USD,6,B767-300,73,True,False,medium,shoulder,False
F012601,UA,United Airlines,star,UA8743;UA3175,KUL,Kuala Lumpur,FRA,Frankfurt,2025-07-22T15:50:00Z,2025-07-23T13:23:00Z,1293,1,NRT,106,Economy,981.31,USD,2,E190,76,True,True,high,summer_peak,False
F012701,JL,Japan Airlines,oneworld,JL4054,LAX,Los Angeles,LIS,Lisbon,2026-04-10T13:15:00Z,2026-04-11T01:20:00Z,725,0,,0,Economy,1248.54,USD,7,B777-300ER,86,False,False,high,spring_break,True
F012801,DL,Delta,skyteam,DL8625,BKK,Bangkok,ICN,Seoul,2025-10-01T05:50:00Z,2025-10-01T11:04:00Z,314,0,,0,Premium Economy,810.24,USD,3,B767-300,88,True,True,medium,shoulder,False
F012901,AI,Air India,star,AI2042,SIN,Singapore,KUL,Kuala Lumpur,2025-12-03T10:10:00Z,2025-12-03T11:12:00Z,62,0,,0,Economy,65.3,USD,9,A320neo,91,True,False,medium,shoulder,False
F013001,KL,KLM,skyteam,KL8587;KL3481,ICN,Seoul,DEL,Delhi,2025-12-12T07:55:00Z,2025-12-13T06:47:00Z,1372,1,FRA,193,Economy,359.71,USD,6,B767-300,85,True,True,medium,shoulder,False
F013101,TK,Turkish Airlines,star,TK7007;TK1470,SVO,Moscow,AKL,Auckland,2025-01-04T08:55:00Z,2025-01-05T11:49:00Z,1614,1,DXB,191,Business,3999.58,USD,5,A350-900,86,True,True,low,winter_low,False
F013201,AA,American Airlines,oneworld,AA9876,IST,Istanbul,FCO,Rome,2026-01-07T18:10:00Z,2026-01-07T20:32:00Z,142,0,,0,Economy,166.9,USD,8,B737-800,84,False,False,low,winter_low,False
F013301,SQ,Singapore Airlines,star,SQ3990,LAX,Los Angeles,ICN,Seoul,2026-02-07T20:15:00Z,2026-02-08T08:57:00Z,762,0,,0,Premium Economy,1718.77,USD,7,B777-300ER,88,True,True,low,winter_low,False
F013401,LH,Lufthansa,star,LH4878;LH4586,IST,Istanbul,SVO,Moscow,2025-10-23T05:15:00Z,2025-10-24T10:58:00Z,1783,1,LAX,147,Economy,148.7,USD,4,A330-300,80,True,False,medium,shoulder,False
F013501,BA,British Airways,oneworld,BA2187;BA8534,LAX,Los Angeles,AKL,Auckland,2025-12-15T15:15:00Z,2025-12-17T05:12:00Z,2277,1,LHR,163,Economy,701.79,USD,3,A330-300,84,False,False,medium,shoulder,False
F013601,KL,KLM,skyteam,KL746;KL6324,PEK,Beijing,HKG,Hong Kong,2026-04-22T10:20:00Z,2026-04-23T13:26:00Z,1626,1,LHR,213,Business,543.38,USD,9,B777-300ER,85,True,True,medium,shoulder,False
F013701,AI,Air India,star,AI7203,CDG,Paris,SYD,Sydney,2025-06-20T14:00:00Z,2025-06-21T11:50:00Z,1310,0,,0,Business,6993.63,USD,5,A321neo,87,True,True,high,summer_peak,False
F013801,DL,Delta,skyteam,DL4877;DL5744;DL7395,IST,Istanbul,ICN,Seoul,2025-03-27T21:30:00Z,2025-03-29T21:11:00Z,2861,2,SIN;SFO,392,Economy,534.23,USD,6,A320neo,75,False,False,medium,shoulder,False
F013901,QF,Qantas,oneworld,QF8554;QF8293,ICN,Seoul,JFK,New York,2025-10-26T10:55:00Z,2025-10-27T06:42:00Z,1187,1,SFO,115,Economy,966.99,USD,8,B787-9,90,True,False,medium,shoulder,False
F014001,QR,Qatar Airways,oneworld,QR9264,SFO,San Francisco,IST,Istanbul,2025-03-03T12:55:00Z,2025-03-04T03:02:00Z,847,0,,0,Economy,1129.85,USD,3,B737-800,88,False,False,medium,shoulder,False
F014101,KE,Korean Air,skyteam,KE750;KE5975,DOH,Doha,MAA,Chennai,2025-11-18T20:40:00Z,2025-11-19T10:17:00Z,817,1,IST,91,Premium Economy,483.03,USD,5,B737-800,83,True,True,medium,shoulder,False
F014201,QR,Qatar Airways,oneworld,QR9505;QR1329,BCN,Barcelona,SFO,San Francisco,2025-07-20T11:35:00Z,2025-07-21T05:11:00Z,1056,1,LAX,211,Business,3715.65,USD,4,A380-800,81,True,True,high,summer_peak,False
F014301,KL,KLM,skyteam,KL3760;KL5297;KL6569,AKL,Auckland,DXB,Dubai,2025-04-11T21:20:00Z,2025-04-14T00:39:00Z,3079,2,LHR;NRT,265,Economy,1108.2,USD,6,B737-800,71,True,False,high,spring_break,True
F014401,SQ,Singapore Airlines,star,SQ2638;SQ7206,LIS,Lisbon,CPT,Cape Town,2025-10-05T18:40:00Z,2025-10-07T01:18:00Z,1838,1,SIN,142,Economy,703.71,USD,6,A330-300,83,True,True,medium,shoulder,False
F014501,KL,KLM,skyteam,KL7415,MAA,Chennai,HKG,Hong Kong,2025-08-13T12:00:00Z,2025-08-13T17:18:00Z,318,0,,0,Economy,559.8,USD,6,A380-800,87,True,True,high,summer_peak,False
F014601,QF,Qantas,oneworld,QF2120;QF2119,FCO,Rome,BCN,Barcelona,2025-09-01T10:30:00Z,2025-09-01T18:34:00Z,484,1,LHR,210,Business,307.68,USD,5,B787-9,87,True,True,medium,shoulder,False
F014701,BA,British Airways,oneworld,BA7077,DEL,Delhi,LAX,Los Angeles,2025-06-21T11:50:00Z,2025-06-22T04:35:00Z,1005,0,,0,Economy,1597.97,USD,6,B737-800,86,False,False,high,summer_peak,False
F014801,SQ,Singapore Airlines,star,SQ8359;SQ624,DXB,Dubai,CPT,Cape Town,2026-01-05T17:30:00Z,2026-01-06T23:41:00Z,1811,1,ICN,204,Premium Economy,1152.86,USD,8,B767-300,88,True,True,low,winter_low,False
F014901,TK,Turkish Airlines,star,TK353;TK2480,IST,Istanbul,FRA,Frankfurt,2025-05-05T00:25:00Z,2025-05-05T09:31:00Z,546,1,LHR,232,Economy,170.98,USD,5,B777-300ER,85,True,False,medium,shoulder,False
F015001,BA,British Airways,oneworld,BA6373;BA7607,IST,Istanbul,DEL,Delhi,2025-01-24T21:05:00Z,2025-01-25T19:43:00Z,1358,1,NRT,162,Economy,360.33,USD,8,A320neo,83,True,False,low,winter_low,False
F015101,EK,Emirates,none,EK7739;EK5838;EK3000,LAX,Los Angeles,KUL,Kuala Lumpur,2025-09-18T07:10:00Z,2025-09-19T14:58:00Z,1908,2,IST;HKG,173,Economy,1028.11,USD,5,B787-9,84,False,False,medium,shoulder,False
F015201,AA,American Airlines,oneworld,AA5215;AA5062,JFK,New York,SIN,Singapore,2025-07-12T19:45:00Z,2025-07-13T20:33:00Z,1488,1,SFO,79,Economy,1662.44,USD,4,B777-300ER,82,False,False,high,summer_peak,False
F015301,LH,Lufthansa,star,LH658;LH9145,BKK,Bangkok,KUL,Kuala Lumpur,2026-01-22T01:45:00Z,2026-01-23T05:50:00Z,1685,1,CDG,114,Economy,115.92,USD,6,B787-9,82,False,False,low,winter_low,False
F015401,DL,Delta,skyteam,DL8221,KUL,Kuala Lumpur,FRA,Frankfurt,2025-05-14T11:15:00Z,2025-05-15T00:24:00Z,789,0,,0,Economy,948.71,USD,9,E190,88,False,True,medium,shoulder,False
F015501,UA,United Airlines,star,UA4301;UA4353,ICN,Seoul,AMS,Amsterdam,2025-12-24T22:35:00Z,2025-12-25T16:31:00Z,1076,1,IST,239,Business,3955.74,USD,1,B787-9,75,True,True,peak,year_end_holidays,True
F015601,SQ,Singapore Airlines,star,SQ5440,LHR,London,JFK,New York,2026-03-19T20:15:00Z,2026-03-20T03:50:00Z,455,0,,0,Economy,630.9,USD,9,A380-800,93,False,False,medium,shoulder,False
F015701,QR,Qatar Airways,oneworld,QR6489;QR9814,MEL,Melbourne,NRT,Tokyo,2025-06-21T12:30:00Z,2025-06-22T04:14:00Z,944,1,ICN,128,Business,2110.17,USD,6,E190,89,True,True,low,winter_low,False
F015801,KL,KLM,skyteam,KL6474;KL8436,LIS,Lisbon,GIG,Rio de Janeiro,2025-05-17T20:35:00Z,2025-05-18T15:14:00Z,1119,1,AMS,185,Economy,599.62,USD,9,B777-300ER,82,False,True,medium,shoulder,False
F015901,KL,KLM,skyteam,KL4582,HKG,Hong Kong,FCO,Rome,2025-03-23T16:10:00Z,2025-03-24T04:26:00Z,736,0,,0,Economy,945.28,USD,8,B787-9,86,True,False,medium,shoulder,False
F016001,JL,Japan Airlines,oneworld,JL2377,SVO,Moscow,LHR,London,2025-01-26T11:05:00Z,2025-01-26T14:53:00Z,228,0,,0,Economy,315.28,USD,9,B737-800,94,True,True,low,winter_low,False
F016101,KE,Korean Air,skyteam,KE3836;KE3164;KE844,BCN,Barcelona,ORD,Chicago,2025-04-05T05:50:00Z,2025-04-06T23:51:00Z,2521,2,SFO;ICN,213,Economy,522.85,USD,3,A321neo,76,True,False,high,spring_break,True
F016201,JL,Japan Airlines,oneworld,JL4946;JL5345;JL6556,DEL,Delhi,SYD,Sydney,2025-04-22T19:50:00Z,2025-04-24T08:13:00Z,2183,2,DOH;AMS,254,Economy,692.63,USD,8,A330-300,78,True,False,medium,shoulder,False
F016301,UA,United Airlines,star,UA940;UA9007,DOH,Doha,JFK,New York,2025-07-17T11:15:00Z,2025-07-18T05:02:00Z,1067,1,IST,179,Premium Economy,2092.54,USD,2,A321neo,75,True,False,high,summer_peak,False
F016401,NH,ANA,star,NH7320;NH843;NH2755,MAA,Chennai,MEL,Melbourne,2025-05-02T07:15:00Z,2025-05-04T06:21:00Z,2826,2,NRT;CDG,236,Economy,702.78,USD,3,A350-900,83,False,True,medium,shoulder,False
F016501,TK,Turkish Airlines,star,TK5678;TK2860,FRA,Frankfurt,AKL,Auckland,2025-04-29T09:10:00Z,2025-04-30T12:14:00Z,1624,1,AMS,157,Economy,1216.56,USD,5,B737-800,79,True,False,medium,shoulder,False
F016601,QR,Qatar Airways,oneworld,QR9649;QR1615,MEX,Mexico City,PEK,Beijing,2026-01-22T10:55:00Z,2026-01-23T06:00:00Z,1145,1,ICN,91,Economy,1011.24,USD,4,A321neo,84,True,False,low,winter_low,False
F016701,BA,British Airways,oneworld,BA2730;BA3369,LIS,Lisbon,ORD,Chicago,2025-08-24T09:35:00Z,2025-08-25T04:32:00Z,1137,1,LAX,162,Economy,618.4,USD,6,A380-800,75,True,False,high,summer_peak,False
F016801,SQ,Singapore Airlines,star,SQ5854,AMS,Amsterdam,SFO,San Francisco,2026-05-13T21:15:00Z,2026-05-14T08:53:00Z,698,0,,0,Economy,974.49,USD,6,A350-900,92,False,False,medium,shoulder,False
F016901,AA,American Airlines,oneworld,AA5541;AA1394,CPT,Cape Town,FRA,Frankfurt,2025-01-18T06:15:00Z,2025-01-19T08:02:00Z,1547,1,JFK,61,Economy,959.71,USD,3,A380-800,81,True,True,high,summer_peak,False
F017001,AA,American Airlines,oneworld,AA1243;AA3218,SFO,San Francisco,GIG,Rio de Janeiro,2025-04-17T15:55:00Z,2025-04-19T06:23:00Z,2308,1,NRT,223,Economy,1077.52,USD,6,B787-9,82,True,False,high,spring_break,True
F017101,AA,American Airlines,oneworld,AA4910;AA9123;AA5149,DPS,Bali,BKK,Bangkok,2025-11-30T10:15:00Z,2025-12-01T20:45:00Z,2070,2,LHR;AMS,294,Economy,285.12,USD,7,B737-800,72,True,True,high,thanksgiving_peak,True
F017201,QF,Qantas,oneworld,QF5694;QF8963,FCO,Rome,CPT,Cape Town,2025-08-25T15:10:00Z,2025-08-26T22:16:00Z,1866,1,ICN,91,Premium Economy,2070.47,USD,7,A330-300,82,True,True,high,summer_peak,False
F017301,LH,Lufthansa,star,LH7625;LH1042,NRT,Tokyo,LIS,Lisbon,2025-01-14T06:05:00Z,2025-01-14T22:39:00Z,994,1,CDG,76,Economy,691.83,USD,6,B737-800,83,True,False,low,winter_low,False
F017401,KL,KLM,skyteam,KL4347;KL6603,KUL,Kuala Lumpur,SYD,Sydney,2026-02-15T15:05:00Z,2026-02-16T09:58:00Z,1133,1,NRT,61,Economy,420.09,USD,6,B737-800,85,False,True,low,winter_low,False
F017501,TK,Turkish Airlines,star,TK5932,PEK,Beijing,ICN,Seoul,2026-02-09T10:10:00Z,2026-02-09T11:57:00Z,107,0,,0,Business,370.26,USD,8,A330-300,88,True,True,low,winter_low,False
F017601,CX,Cathay Pacific,oneworld,CX9063;CX6174,MAA,Chennai,LAX,Los Angeles,2025-02-21T19:20:00Z,2025-02-22T21:07:00Z,1547,1,JFK,159,Economy,1106.79,USD,8,A330-300,88,False,True,low,winter_low,False
F017701,TK,Turkish Airlines,star,TK1565,SIN,Singapore,CDG,Paris,2026-02-26T07:30:00Z,2026-02-26T21:34:00Z,844,0,,0,Premium Economy,2041.8,USD,5,E190,89,True,False,low,winter_low,False
F017801,TK,Turkish Airlines,star,TK7655;TK5834,FRA,Frankfurt,SVO,Moscow,2026-06-27T09:20:00Z,2026-06-27T22:22:00Z,782,1,DXB,61,Economy,229.4,USD,3,B737-800,79,True,False,high,summer_peak,False
F017901,AI,Air India,star,AI2418;AI1666,LIS,Lisbon,MAA,Chennai,2025-02-02T17:40:00Z,2025-02-03T18:18:00Z,1478,1,ICN,221,Economy,506.62,USD,9,B787-9,86,True,False,low,winter_low,False
F018001,EK,Emirates,none,EK8240,MEL,Melbourne,AMS,Amsterdam,2025-09-26T20:05:00Z,2025-09-27T17:25:00Z,1280,0,,0,Economy,2040.16,USD,6,A350-900,93,False,False,medium,shoulder,False
F018101,NH,ANA,star,NH8390;NH4937,BOM,Mumbai,BCN,Barcelona,2026-06-04T07:00:00Z,2026-06-04T20:09:00Z,789,1,AMS,102,Business,2845.91,USD,3,B737-800,81,True,True,high,summer_peak,False
F018201,AI,Air India,star,AI6969;AI1239,JFK,New York,BKK,Bangkok,2026-01-29T01:00:00Z,2026-01-29T23:58:00Z,1378,1,DXB,106,Economy,848.65,USD,5,A320neo,79,False,False,low,winter_low,False
F018301,TK,Turkish Airlines,star,TK3411,BOM,Mumbai,DXB,Dubai,2025-08-28T20:15:00Z,2025-08-28T23:19:00Z,184,0,,0,Economy,305.24,USD,6,A330-300,84,True,False,high,summer_peak,False
F018401,JL,Japan Airlines,oneworld,JL3146,DXB,Dubai,AKL,Auckland,2026-01-07T17:35:00Z,2026-01-08T12:00:00Z,1105,0,,0,Economy,1536.4,USD,4,B787-9,96,True,False,low,winter_low,False
F018501,AF,Air France,skyteam,AF5565;AF1083;AF3734,SVO,Moscow,SYD,Sydney,2025-09-11T19:50:00Z,2025-09-13T19:12:00Z,2842,2,ICN;LHR,289,Economy,869.96,USD,8,B767-300,74,False,False,medium,shoulder,False
F018601,KL,KLM,skyteam,KL3045;KL7913;KL6449,ORD,Chicago,ICN,Seoul,2025-01-17T12:55:00Z,2025-01-18T23:14:00Z,2059,2,LAX;AMS,417,Premium Economy,1262.89,USD,4,B777-300ER,75,True,True,low,winter_low,False
F018701,KE,Korean Air,skyteam,KE8776;KE4065;KE5197,GRU,Sao Paulo,SIN,Singapore,2025-04-11T06:05:00Z,2025-04-13T12:43:00Z,3278,2,HKG;AMS,325,Economy,1261.4,USD,7,E190,72,False,False,high,spring_break,True
F018801,AI,Air India,star,AI1602,ICN,Seoul,BCN,Barcelona,2025-10-07T09:25:00Z,2025-10-07T22:04:00Z,759,0,,0,Economy,801.05,USD,6,E190,89,True,True,medium,shoulder,False
F018901,BA,British Airways,oneworld,BA1920;BA9216,JFK,New York,AKL,Auckland,2026-03-27T08:50:00Z,2026-03-28T16:35:00Z,1905,1,HKG,166,Business,3594.97,USD,4,A380-800,80,True,True,medium,shoulder,False
F019001,DL,Delta,skyteam,DL2795;DL3291;DL7180,ICN,Seoul,KUL,Kuala Lumpur,2025-02-26T16:00:00Z,2025-02-28T03:42:00Z,2142,2,NRT;SFO,290,Business,950.98,USD,5,A321neo,77,True,True,low,winter_low,False
F019101,SQ,Singapore Airlines,star,SQ140,SFO,San Francisco,ICN,Seoul,2025-09-22T00:00:00Z,2025-09-22T12:01:00Z,721,0,,0,Economy,1133.03,USD,9,A330-300,93,False,False,medium,shoulder,False
F019201,SQ,Singapore Airlines,star,SQ4684;SQ3790,DEL,Delhi,LHR,London,2025-12-21T09:40:00Z,2025-12-21T23:00:00Z,800,1,DOH,136,Economy,921.05,USD,2,B777-300ER,78,False,False,peak,year_end_holidays,True
F019301,AF,Air France,skyteam,AF8221,FRA,Frankfurt,PEK,Beijing,2025-07-09T00:50:00Z,2025-07-09T11:14:00Z,624,0,,0,Business,3451.5,USD,5,A380-800,81,True,True,high,summer_peak,False
F019401,SQ,Singapore Airlines,star,SQ7368;SQ4980,SFO,San Francisco,NRT,Tokyo,2025-07-06T17:35:00Z,2025-07-07T20:31:00Z,1616,1,SIN,117,Business,3448.28,USD,3,B767-300,80,True,True,high,summer_peak,False
F019501,UA,United Airlines,star,UA2766;UA1029,DXB,Dubai,MAA,Chennai,2026-02-21T09:05:00Z,2026-02-22T20:53:00Z,2148,1,JFK,233,Economy,203.9,USD,8,A350-900,85,True,False,low,winter_low,False
F019601,EK,Emirates,none,EK6889,PVG,Shanghai,DOH,Doha,2025-03-19T09:00:00Z,2025-03-19T18:09:00Z,549,0,,0,Premium Economy,1465.79,USD,7,B737-800,92,True,False,medium,shoulder,False
F019701,SQ,Singapore Airlines,star,SQ9852;SQ4028,CDG,Paris,FCO,Rome,2026-01-15T13:00:00Z,2026-01-16T18:21:00Z,1761,1,SIN,124,Economy,125.33,USD,9,E190,83,True,False,low,winter_low,False
F019801,AA,American Airlines,oneworld,AA5066,CPT,Cape Town,GRU,Sao Paulo,2026-02-18T20:45:00Z,2026-02-19T05:21:00Z,516,0,,0,Economy,1032.19,USD,5,A380-800,88,True,True,high,summer_peak,False
F019901,EK,Emirates,none,EK4257;EK5426;EK8126,LAX,Los Angeles,BOM,Mumbai,2025-05-06T17:40:00Z,2025-05-08T06:17:00Z,2197,2,DOH;HKG,285,Economy,889.45,USD,8,A330-300,83,False,False,medium,shoulder,False
F020001,SQ,Singapore Airlines,star,SQ283;SQ9010,MAA,Chennai,ORD,Chicago,2026-05-28T12:35:00Z,2026-05-29T10:20:00Z,1305,1,AMS,140,Business,3836.58,USD,6,B777-300ER,84,True,True,medium,shoulder,False
F020101,KL,KLM,skyteam,KL7691;KL8413;KL4368,AMS,Amsterdam,SYD,Sydney,2025-01-15T12:55:00Z,2025-01-17T04:26:00Z,2371,2,IST;JFK,286,Economy,914.92,USD,4,B767-300,78,True,False,low,winter_low,False
F020201,TG,Thai Airways,star,TG9528;TG1898,SFO,San Francisco,JFK,New York,2026-03-30T08:30:00Z,2026-03-31T12:17:00Z,1667,1,IST,178,Economy,356.26,USD,4,B737-800,82,True,False,medium,shoulder,False
F020301,DL,Delta,skyteam,DL7446;DL5402,DEL,Delhi,PEK,Beijing,2026-02-22T21:55:00Z,2026-02-23T10:58:00Z,783,1,SIN,56,Economy,269.97,USD,6,A350-900,80,True,False,low,winter_low,False
F020401,BA,British Airways,oneworld,BA4769;BA2362,FCO,Rome,KUL,Kuala Lumpur,2025-11-05T05:40:00Z,2025-11-06T04:39:00Z,1379,1,NRT,152,Economy,683.14,USD,7,B767-300,86,True,True,medium,shoulder,False
F020501,AA,American Airlines,oneworld,AA2040;AA2665,NRT,Tokyo,AKL,Auckland,2025-04-15T13:25:00Z,2025-04-16T22:58:00Z,2013,1,DOH,221,Business,2882.74,USD,4,B737-800,76,True,True,high,spring_break,True
F020601,EK,Emirates,none,EK2910;EK8734,KUL,Kuala Lumpur,CPT,Cape Town,2025-01-05T21:30:00Z,2025-01-07T01:38:00Z,1688,1,FRA,155,Economy,723.38,USD,5,B767-300,90,False,False,low,winter_low,False
F020701,AF,Air France,skyteam,AF7005;AF6024,GIG,Rio de Janeiro,AKL,Auckland,2025-11-29T20:40:00Z,2025-12-01T05:09:00Z,1949,1,JFK,224,Economy,1201.88,USD,7,A380-800,80,False,True,high,thanksgiving_peak,True
F020801,SQ,Singapore Airlines,star,SQ1224;SQ6243;SQ1543,IST,Istanbul,FCO,Rome,2025-05-24T08:25:00Z,2025-05-25T12:21:00Z,1676,2,HKG;FRA,199,Economy,143.57,USD,4,A380-800,76,True,False,medium,shoulder,False
F020901,KE,Korean Air,skyteam,KE9315,MEL,Melbourne,SFO,San Francisco,2025-06-07T11:25:00Z,2025-06-08T03:53:00Z,988,0,,0,Economy,1294.41,USD,5,E190,87,True,False,low,winter_low,False
F021001,UA,United Airlines,star,UA3989,SIN,Singapore,HKG,Hong Kong,2025-04-04T08:05:00Z,2025-04-04T11:57:00Z,232,0,,0,Economy,308.63,USD,7,A380-800,90,False,True,medium,shoulder,False
F021101,NH,ANA,star,NH5865;NH1387;NH599,SYD,Sydney,NRT,Tokyo,2025-12-11T15:10:00Z,2025-12-13T03:30:00Z,2180,2,DOH;HKG,439,Economy,754.42,USD,5,A380-800,79,False,True,high,summer_peak,False
F021201,KE,Korean Air,skyteam,KE3618;KE7466,DOH,Doha,JFK,New York,2026-02-19T19:50:00Z,2026-02-20T23:17:00Z,1647,1,NRT,133,Economy,773.97,USD,9,B777-300ER,78,True,True,low,winter_low,False
F021301,BA,British Airways,oneworld,BA5751;BA1352,FRA,Frankfurt,SFO,San Francisco,2025-02-02T11:25:00Z,2025-02-03T15:25:00Z,1680,1,HKG,80,Economy,590.25,USD,5,A330-300,78,True,True,low,winter_low,False
F021401,QR,Qatar Airways,oneworld,QR6319;QR7067,CPT,Cape Town,MEL,Melbourne,2026-01-30T16:50:00Z,2026-02-01T00:22:00Z,1892,1,NRT,91,Economy,1230.12,USD,5,B777-300ER,84,True,False,high,summer_peak,False
F021501,QF,Qantas,oneworld,QF6121;QF2787;QF846,YYZ,Toronto,BKK,Bangkok,2026-02-24T11:35:00Z,2026-02-26T15:15:00Z,3100,2,ICN;JFK,307,Economy,813.05,USD,8,B737-800,82,True,False,low,winter_low,False
F021601,DL,Delta,skyteam,DL1210;DL4173,DXB,Dubai,MAA,Chennai,2026-05-30T06:45:00Z,2026-05-30T15:01:00Z,496,1,DOH,142,Economy,251.25,USD,9,E190,80,False,False,medium,shoulder,False
F021701,NH,ANA,star,NH610,LAX,Los Angeles,CDG,Paris,2025-07-08T08:35:00Z,2025-07-08T20:37:00Z,722,0,,0,Economy,1345.27,USD,7,A321neo,91,False,True,high,summer_peak,False
F021801,KE,Korean Air,skyteam,KE5994,JFK,New York,MEX,Mexico City,2026-06-18T17:05:00Z,2026-06-18T21:57:00Z,292,0,,0,Economy,580.39,USD,2,A350-900,88,True,False,high,summer_peak,False
F021901,KL,KLM,skyteam,KL4580;KL2436,SFO,San Francisco,LHR,London,2025-01-26T15:00:00Z,2025-01-27T18:16:00Z,1636,1,DOH,189,Economy,644.48,USD,4,A320neo,85,True,False,low,winter_low,False
F022001,KE,Korean Air,skyteam,KE9572,JFK,New York,LHR,London,2025-08-21T09:50:00Z,2025-08-21T17:25:00Z,455,0,,0,Business,2876.12,USD,3,A380-800,81,True,True,high,summer_peak,False
F022101,AF,Air France,skyteam,AF7762,ICN,Seoul,CDG,Paris,2025-02-13T05:05:00Z,2025-02-13T16:54:00Z,709,0,,0,First,4586.74,USD,9,B737-800,86,True,True,low,winter_low,False
F022201,NH,ANA,star,NH6509,ORD,Chicago,CDG,Paris,2025-11-13T17:40:00Z,2025-11-14T02:39:00Z,539,0,,0,Economy,856.42,USD,7,A320neo,88,False,False,medium,shoulder,False
F022301,AF,Air France,skyteam,AF593;AF3564,SVO,Moscow,BOM,Mumbai,2026-04-19T12:40:00Z,2026-04-20T02:59:00Z,859,1,FRA,136,Economy,387.42,USD,8,A330-300,82,False,True,medium,shoulder,False
F022401,TK,Turkish Airlines,star,TK1842,ICN,Seoul,AMS,Amsterdam,2025-12-18T15:00:00Z,2025-12-19T02:21:00Z,681,0,,0,Economy,1466.57,USD,1,A321neo,80,False,True,peak,year_end_holidays,True
F022501,KE,Korean Air,skyteam,KE1403,AKL,Auckland,CDG,Paris,2025-06-04T08:35:00Z,2025-06-05T08:25:00Z,1430,0,,0,Economy,1555.14,USD,8,E190,89,True,False,low,winter_low,False
F022601,KE,Korean Air,skyteam,KE1867,SIN,Singapore,FCO,Rome,2025-09-29T21:45:00Z,2025-09-30T10:58:00Z,793,0,,0,Premium Economy,1748.38,USD,9,A321neo,85,True,False,medium,shoulder,False
F022701,UA,United Airlines,star,UA8705,DEL,Delhi,HKG,Hong Kong,2025-03-08T09:25:00Z,2025-03-08T14:45:00Z,320,0,,0,Economy,441.25,USD,3,B777-300ER,92,True,True,medium,shoulder,False
F022801,LH,Lufthansa,star,LH2118,MEL,Melbourne,DXB,Dubai,2026-04-04T23:05:00Z,2026-04-05T14:18:00Z,913,0,,0,Economy,1259.19,USD,7,B777-300ER,88,False,False,medium,shoulder,False
F022901,EK,Emirates,none,EK1560;EK6758;EK9745,IST,Istanbul,BCN,Barcelona,2025-07-13T19:45:00Z,2025-07-15T03:02:00Z,1877,2,HKG;NRT,152,Business,747.22,USD,5,B787-9,76,True,True,high,summer_peak,False
F023001,AF,Air France,skyteam,AF7489;AF3075;AF8396,DOH,Doha,SVO,Moscow,2025-08-27T11:20:00Z,2025-08-28T17:39:00Z,1819,2,ICN;LHR,319,Economy,355.64,USD,2,A350-900,71,False,False,high,summer_peak,False
F023101,BA,British Airways,oneworld,BA3492;BA8211;BA3381,IST,Istanbul,NRT,Tokyo,2026-05-29T23:05:00Z,2026-05-31T08:57:00Z,2032,2,CDG;SFO,458,Economy,572.13,USD,7,B737-800,72,False,True,medium,shoulder,False
F023201,NH,ANA,star,NH1406;NH9682,BCN,Barcelona,SVO,Moscow,2025-02-24T00:20:00Z,2025-02-24T09:53:00Z,573,1,LHR,219,Economy,275.27,USD,4,B767-300,84,True,True,low,winter_low,False
F023301,UA,United Airlines,star,UA6639;UA5710;UA312,SFO,San Francisco,PEK,Beijing,2025-05-22T06:35:00Z,2025-05-23T17:55:00Z,2120,2,ICN;IST,196,First,3660.97,USD,3,A380-800,74,True,True,medium,shoulder,False
F023401,EK,Emirates,none,EK4644;EK6791,MEL,Melbourne,GRU,Sao Paulo,2026-04-25T22:55:00Z,2026-04-27T11:28:00Z,2193,1,LHR,136,Economy,1188.72,USD,5,A330-300,89,False,False,medium,shoulder,False
F023501,KL,KLM,skyteam,KL2901;KL364,CPT,Cape Town,MAA,Chennai,2026-01-03T09:40:00Z,2026-01-04T14:57:00Z,1757,1,NRT,83,Economy,1021.2,USD,3,E190,72,True,False,peak,year_end_holidays,True
F023601,KE,Korean Air,skyteam,KE7190,DOH,Doha,FRA,Frankfurt,2026-05-27T16:55:00Z,2026-05-27T23:19:00Z,384,0,,0,Business,1575.69,USD,8,A321neo,88,True,True,medium,shoulder,False
F023701,DL,Delta,skyteam,DL6943,DEL,Delhi,HKG,Hong Kong,2025-09-16T10:55:00Z,2025-09-16T16:15:00Z,320,0,,0,Economy,413.16,USD,5,B777-300ER,88,True,False,medium,shoulder,False
F023801,KE,Korean Air,skyteam,KE7445;KE6427,SFO,San Francisco,CDG,Paris,2025-04-11T18:50:00Z,2025-04-13T01:39:00Z,1849,1,HKG,216,Economy,931.85,USD,4,A321neo,74,True,False,high,spring_break,True
F023901,KE,Korean Air,skyteam,KE5207;KE591;KE5570,PVG,Shanghai,YYZ,Toronto,2026-03-20T16:20:00Z,2026-03-21T21:54:00Z,1774,2,HKG;AMS,416,Economy,813.04,USD,6,A321neo,77,True,False,medium,shoulder,False
F024001,DL,Delta,skyteam,DL8232;DL7158;DL9891,SYD,Sydney,DOH,Doha,2026-05-10T13:15:00Z,2026-05-12T00:26:00Z,2111,2,FRA;AMS,358,Economy,807.11,USD,5,A320neo,79,True,False,medium,shoulder,False
F024101,BA,British Airways,oneworld,BA6550;BA4969,BKK,Bangkok,SIN,Singapore,2025-06-10T08:25:00Z,2025-06-11T01:32:00Z,1027,1,DOH,87,Economy,204.04,USD,7,A330-300,77,False,False,high,summer_peak,False
F024201,BA,British Airways,oneworld,BA1852;BA9578,CDG,Paris,FRA,Frankfurt,2026-03-22T07:55:00Z,2026-03-22T13:54:00Z,359,1,LHR,205,Economy,69.35,USD,5,A321neo,86,True,False,medium,shoulder,False
F024301,AI,Air India,star,AI4967,SFO,San Francisco,NRT,Tokyo,2025-06-19T21:50:00Z,2025-06-20T08:46:00Z,656,0,,0,Premium Economy,2107.77,USD,7,A330-300,84,True,False,high,summer_peak,False
F024401,BA,British Airways,oneworld,BA527,SVO,Moscow,LHR,London,2026-01-31T13:50:00Z,2026-01-31T17:38:00Z,228,0,,0,Economy,263.77,USD,4,B767-300,85,False,False,low,winter_low,False
F024501,SQ,Singapore Airlines,star,SQ4605,HKG,Hong Kong,GRU,Sao Paulo,2025-08-26T07:05:00Z,2025-08-27T06:15:00Z,1390,0,,0,Economy,2467.74,USD,3,A350-900,88,False,False,high,summer_peak,False
F024601,NH,ANA,star,NH9224;NH4254,LHR,London,DOH,Doha,2025-04-24T17:45:00Z,2025-04-25T16:21:00Z,1356,1,ICN,84,Premium Economy,840.56,USD,4,A350-900,85,True,True,medium,shoulder,False
F024701,JL,Japan Airlines,oneworld,JL647;JL8580,IST,Istanbul,BOM,Mumbai,2025-03-02T20:45:00Z,2025-03-03T13:43:00Z,1018,1,LHR,212,Premium Economy,830.79,USD,3,B777-300ER,85,True,True,medium,shoulder,False
F024801,LH,Lufthansa,star,LH7418;LH4169,MAA,Chennai,LHR,London,2025-08-14T08:15:00Z,2025-08-15T06:19:00Z,1324,1,ICN,182,Economy,909.47,USD,3,B777-300ER,76,False,False,high,summer_peak,False
F024901,AA,American Airlines,oneworld,AA2182,BOM,Mumbai,LHR,London,2026-05-10T10:00:00Z,2026-05-10T19:40:00Z,580,0,,0,Economy,770.67,USD,3,A320neo,86,False,False,medium,shoulder,False
F025001,AF,Air France,skyteam,AF9260,HKG,Hong Kong,SIN,Singapore,2025-03-14T08:40:00Z,2025-03-14T12:32:00Z,232,0,,0,Economy,297.78,USD,8,B737-800,85,False,True,medium,shoulder,False
F025101,CX,Cathay Pacific,oneworld,CX8687,SIN,Singapore,PEK,Beijing,2025-05-09T17:20:00Z,2025-05-09T23:36:00Z,376,0,,0,Economy,493.4,USD,9,B777-300ER,91,True,False,medium,shoulder,False
F025201,KE,Korean Air,skyteam,KE7695;KE2360,HKG,Hong Kong,MAA,Chennai,2025-12-16T15:05:00Z,2025-12-18T02:23:00Z,2118,1,JFK,56,Premium Economy,562.63,USD,8,A321neo,81,True,False,medium,shoulder,False
F025301,LH,Lufthansa,star,LH3622;LH1689;LH4018,DOH,Doha,YYZ,Toronto,2026-04-01T19:55:00Z,2026-04-03T10:26:00Z,2311,2,LHR;ICN,338,Premium Economy,1408.32,USD,5,A350-900,73,True,True,medium,shoulder,False
F025401,AI,Air India,star,AI1548,ICN,Seoul,KUL,Kuala Lumpur,2025-06-10T09:45:00Z,2025-06-10T16:10:00Z,385,0,,0,Business,2143.7,USD,3,A380-800,81,True,True,high,summer_peak,False
F025501,KL,KLM,skyteam,KL3794;KL8902;KL6146,LHR,London,GRU,Sao Paulo,2025-04-28T01:05:00Z,2025-04-29T09:19:00Z,1934,2,LAX;SFO,335,Economy,677.97,USD,7,A380-800,74,False,False,medium,shoulder,False
F025601,CX,Cathay Pacific,oneworld,CX325;CX4589,MEX,Mexico City,PEK,Beijing,2025-10-15T22:45:00Z,2025-10-16T17:46:00Z,1141,1,LAX,122,Economy,994.58,USD,9,A330-300,84,True,False,medium,shoulder,False
F025701,AI,Air India,star,AI9315;AI8621,FCO,Rome,ICN,Seoul,2025-06-06T16:00:00Z,2025-06-07T11:09:00Z,1149,1,HKG,218,Economy,822.88,USD,2,A320neo,75,False,False,high,summer_peak,False
F025801,DL,Delta,skyteam,DL3203;DL6572;DL4736,DEL,Delhi,AMS,Amsterdam,2025-08-19T07:00:00Z,2025-08-20T10:11:00Z,1631,2,SIN;ICN,213,Business,2131.54,USD,3,A320neo,75,True,True,high,summer_peak,False
F025901,AA,American Airlines,oneworld,AA8071;AA9004,SFO,San Francisco,BOM,Mumbai,2025-07-10T21:10:00Z,2025-07-11T20:21:00Z,1391,1,JFK,61,Economy,1310.25,USD,6,B787-9,76,False,True,high,summer_peak,False
F026001,BA,British Airways,oneworld,BA2370;BA4057;BA1213,AKL,Auckland,GIG,Rio de Janeiro,2025-11-16T08:35:00Z,2025-11-18T08:48:00Z,2893,2,LAX;IST,392,Economy,748.4,USD,6,B777-300ER,75,True,True,medium,shoulder,False
F026101,KL,KLM,skyteam,KL2395,CDG,Paris,SVO,Moscow,2025-05-26T07:50:00Z,2025-05-26T11:34:00Z,224,0,,0,Economy,313.55,USD,8,A330-300,85,True,False,medium,shoulder,False
F026201,AI,Air India,star,AI2844,MAA,Chennai,NRT,Tokyo,2026-05-12T22:40:00Z,2026-05-13T07:26:00Z,526,0,,0,Business,2212.36,USD,6,B777-300ER,89,True,True,medium,shoulder,False
F026301,NH,ANA,star,NH7444,PEK,Beijing,CDG,Paris,2025-09-30T10:15:00Z,2025-09-30T21:09:00Z,654,0,,0,Economy,868.57,USD,6,B787-9,94,False,False,medium,shoulder,False
F026401,JL,Japan Airlines,oneworld,JL1727,DOH,Doha,DEL,Delhi,2025-06-19T19:10:00Z,2025-06-19T23:01:00Z,231,0,,0,Economy,408.73,USD,2,B737-800,85,False,False,high,summer_peak,False
F026501,AF,Air France,skyteam,AF3987;AF9980,SYD,Sydney,PVG,Shanghai,2025-10-07T10:10:00Z,2025-10-08T17:54:00Z,1904,1,IST,101,Economy,572.93,USD,7,B737-800,78,False,False,medium,shoulder,False
F026601,QR,Qatar Airways,oneworld,QR8597;QR6153,SFO,San Francisco,FRA,Frankfurt,2026-05-27T08:15:00Z,2026-05-28T13:42:00Z,1767,1,HKG,167,Economy,814.91,USD,9,A350-900,90,True,False,medium,shoulder,False
F026701,BA,British Airways,oneworld,BA333;BA7060,ICN,Seoul,CDG,Paris,2026-06-16T12:40:00Z,2026-06-17T06:38:00Z,1078,1,DOH,98,Economy,883.78,USD,6,E190,78,True,False,high,summer_peak,False
F026801,KE,Korean Air,skyteam,KE1699;KE9544,MEX,Mexico City,PEK,Beijing,2025-04-05T23:05:00Z,2025-04-07T00:04:00Z,1499,1,LHR,141,Economy,1027.12,USD,2,B787-9,81,True,False,high,spring_break,True
F026901,TK,Turkish Airlines,star,TK1908;TK2767,AMS,Amsterdam,PVG,Shanghai,2025-10-28T05:45:00Z,2025-10-29T04:44:00Z,1379,1,SIN,226,Economy,637.56,USD,8,A330-300,78,True,False,medium,shoulder,False
F027001,QF,Qantas,oneworld,QF374,DXB,Dubai,ICN,Seoul,2025-05-07T09:45:00Z,2025-05-07T18:49:00Z,544,0,,0,Business,2610.78,USD,7,A380-800,92,True,True,medium,shoulder,False
F027101,LH,Lufthansa,star,LH3826,AKL,Auckland,DOH,Doha,2025-10-31T09:20:00Z,2025-11-01T04:10:00Z,1130,0,,0,Economy,1542.6,USD,8,A330-300,91,False,False,medium,shoulder,False
F027201,QF,Qantas,oneworld,QF2133;QF3136,CDG,Paris,AKL,Auckland,2025-12-25T10:15:00Z,2025-12-26T12:43:00Z,1588,1,HKG,102,Economy,2909.98,USD,2,B737-800,75,False,True,peak,year_end_holidays,True
F027301,EK,Emirates,none,EK6478,KUL,Kuala Lumpur,CDG,Paris,2025-08-04T16:30:00Z,2025-08-05T06:13:00Z,823,0,,0,Economy,1704.51,USD,3,B777-300ER,91,True,False,high,summer_peak,False
F027401,QF,Qantas,oneworld,QF5534,SIN,Singapore,DOH,Doha,2026-03-05T05:10:00Z,2026-03-05T13:35:00Z,505,0,,0,Economy,721.27,USD,4,E190,93,False,True,medium,shoulder,False
F027501,KL,KLM,skyteam,KL9550;KL4838,PVG,Shanghai,DPS,Bali,2025-07-25T23:55:00Z,2025-07-27T10:37:00Z,2082,1,LAX,180,Business,1514.43,USD,7,B767-300,78,True,True,high,summer_peak,False
F027601,TG,Thai Airways,star,TG8106,LAX,Los Angeles,IST,Istanbul,2025-11-02T22:35:00Z,2025-11-03T13:00:00Z,865,0,,0,Business,4062.01,USD,9,B737-800,85,True,True,medium,shoulder,False
F027701,LH,Lufthansa,star,LH3227;LH900,SIN,Singapore,ICN,Seoul,2026-05-31T12:20:00Z,2026-06-01T17:05:00Z,1725,1,CDG,172,Economy,337.65,USD,5,B777-300ER,84,True,False,medium,shoulder,False
F027801,QF,Qantas,oneworld,QF6815;QF8132;QF7221,BKK,Bangkok,SVO,Moscow,2025-11-29T08:10:00Z,2025-11-30T07:10:00Z,1380,2,DOH;LHR,284,Economy,674.1,USD,5,B737-800,73,False,False,high,thanksgiving_peak,True
F027901,AA,American Airlines,oneworld,AA5588,SIN,Singapore,LHR,London,2025-10-28T05:50:00Z,2025-10-28T20:06:00Z,856,0,,0,Economy,1129.13,USD,5,B767-300,91,True,False,medium,shoulder,False
F028001,JL,Japan Airlines,oneworld,JL7145;JL1346,ICN,Seoul,CPT,Cape Town,2025-12-09T19:55:00Z,2025-12-10T23:54:00Z,1679,1,CDG,228,Business,3811.86,USD,7,A320neo,85,True,True,medium,shoulder,False
F028101,EK,Emirates,none,EK3924;EK1970,NRT,Tokyo,IST,Istanbul,2025-09-11T15:55:00Z,2025-09-12T11:41:00Z,1186,1,LHR,201,Economy,757.46,USD,5,B777-300ER,87,True,False,medium,shoulder,False
F028201,KL,KLM,skyteam,KL7518,HKG,Hong Kong,DXB,Dubai,2025-11-26T02:15:00Z,2025-11-26T10:18:00Z,483,0,,0,Economy,846.89,USD,3,B787-9,80,False,False,high,thanksgiving_peak,True
F028301,QF,Qantas,oneworld,QF5976;QF2807,PEK,Beijing,NRT,Tokyo,2025-09-08T17:00:00Z,2025-09-09T15:35:00Z,1355,1,IST,73,Economy,202.23,USD,3,B737-800,90,True,False,medium,shoulder,False
F028401,KE,Korean Air,skyteam,KE5208;KE9839,DOH,Doha,FCO,Rome,2025-03-29T05:40:00Z,2025-03-29T16:57:00Z,677,1,FRA,182,Economy,329.45,USD,9,B777-300ER,85,True,False,medium,shoulder,False
F028501,QF,Qantas,oneworld,QF2108,AMS,Amsterdam,GRU,Sao Paulo,2025-11-14T04:10:00Z,2025-11-14T17:03:00Z,773,0,,0,Economy,1118.69,USD,9,A380-800,93,False,True,medium,shoulder,False
F028601,QR,Qatar Airways,oneworld,QR3161,BKK,Bangkok,FRA,Frankfurt,2025-11-10T20:30:00Z,2025-11-11T08:24:00Z,714,0,,0,Economy,1104.85,USD,3,B737-800,94,True,True,medium,shoulder,False
F028701,LH,Lufthansa,star,LH1861,DOH,Doha,CDG,Paris,2025-07-19T08:00:00Z,2025-07-19T14:52:00Z,412,0,,0,Economy,822.46,USD,7,B777-300ER,84,False,False,high,summer_peak,False
F028801,KE,Korean Air,skyteam,KE9585,BKK,Bangkok,LHR,London,2026-05-06T20:10:00Z,2026-05-07T08:48:00Z,758,0,,0,Economy,938.43,USD,9,A330-300,91,False,True,medium,shoulder,False
F028901,TG,Thai Airways,star,TG7882,MAA,Chennai,AMS,Amsterdam,2025-01-10T10:10:00Z,2025-01-10T20:40:00Z,630,0,,0,Economy,700.0,USD,7,A320neo,85,True,True,low,winter_low,False
F029001,EK,Emirates,none,EK4518;EK9212,CDG,Paris,LAX,Los Angeles,2025-10-31T22:35:00Z,2025-11-02T02:20:00Z,1665,1,DOH,212,Economy,781.59,USD,7,A350-900,86,True,False,medium,shoulder,False
F029101,BA,British Airways,oneworld,BA4913;BA7979,MAA,Chennai,HKG,Hong Kong,2025-04-05T08:45:00Z,2025-04-06T10:33:00Z,1548,1,LHR,129,Economy,384.91,USD,2,A380-800,75,False,False,high,spring_break,True
F029201,UA,United Airlines,star,UA5443,LAX,Los Angeles,HKG,Hong Kong,2025-08-17T17:50:00Z,2025-08-18T09:04:00Z,914,0,,0,Economy,1794.81,USD,7,B737-800,85,False,False,high,summer_peak,False
F029301,LH,Lufthansa,star,LH7924;LH7665,ORD,Chicago,CPT,Cape Town,2026-05-13T11:00:00Z,2026-05-14T11:42:00Z,1482,1,LHR,201,Economy,992.18,USD,5,B767-300,79,True,True,medium,shoulder,False
F029401,AF,Air France,skyteam,AF392;AF284;AF611,IST,Istanbul,DPS,Bali,2025-08-18T06:10:00Z,2025-08-19T10:03:00Z,1673,2,SIN;ICN,162,Economy,811.39,USD,5,B737-800,76,False,False,high,summer_peak,False
F029501,AA,American Airlines,oneworld,AA8423;AA3889;AA7852,ORD,Chicago,BCN,Barcelona,2025-04-29T08:15:00Z,2025-04-30T09:12:00Z,1497,2,LAX;AMS,403,Economy,420.99,USD,4,B737-800,73,False,False,medium,shoulder,False
F029601,QF,Qantas,oneworld,QF1472,DXB,Dubai,FRA,Frankfurt,2025-07-04T20:35:00Z,2025-07-05T03:18:00Z,403,0,,0,Economy,790.13,USD,2,E190,88,True,False,high,summer_peak,False
F029701,LH,Lufthansa,star,LH5358;LH5574,BKK,Bangkok,FCO,Rome,2025-05-29T18:40:00Z,2025-05-31T05:10:00Z,2070,1,LAX,229,Economy,697.69,USD,5,A321neo,81,True,False,medium,shoulder,False
F029801,KE,Korean Air,skyteam,KE1660;KE7034,AKL,Auckland,BOM,Mumbai,2025-01-28T21:50:00Z,2025-01-30T08:22:00Z,2072,1,LAX,157,Economy,1284.11,USD,4,A320neo,81,True,False,high,summer_peak,False
F029901,KL,KLM,skyteam,KL1574;KL4465,SIN,Singapore,KUL,Kuala Lumpur,2025-08-22T12:35:00Z,2025-08-23T20:15:00Z,1900,1,LHR,209,Premium Economy,97.05,USD,6,A380-800,74,True,True,high,summer_peak,False
F030001,UA,United Airlines,star,UA568,AMS,Amsterdam,JFK,New York,2026-04-03T23:50:00Z,2026-04-04T07:48:00Z,478,0,,0,Economy,671.41,USD,8,A380-800,90,False,False,medium,shoulder,False
F030101,QF,Qantas,oneworld,QF2306;QF7774,MEX,Mexico City,GRU,Sao Paulo,2025-04-09T19:15:00Z,2025-04-10T15:23:00Z,1208,1,LAX,198,Economy,709.96,USD,3,A350-900,84,False,True,high,spring_break,True
F030201,JL,Japan Airlines,oneworld,JL5007;JL9546;JL5542,SIN,Singapore,PEK,Beijing,2026-03-26T21:25:00Z,2026-03-28T04:47:00Z,1882,2,DXB;CDG,318,Economy,349.66,USD,8,A330-300,81,True,False,medium,shoulder,False
F030301,AF,Air France,skyteam,AF4133;AF8282;AF2060,FCO,Rome,CDG,Paris,2025-03-02T05:20:00Z,2025-03-03T23:53:00Z,2553,2,ICN;LAX,357,Economy,86.42,USD,9,A380-800,79,True,True,medium,shoulder,False
F030401,KE,Korean Air,skyteam,KE5341;KE4542,GIG,Rio de Janeiro,FCO,Rome,2026-01-18T15:30:00Z,2026-01-20T05:31:00Z,2281,1,ICN,171,Economy,958.58,USD,4,A350-900,76,True,False,high,summer_peak,False
F030501,QF,Qantas,oneworld,QF711;QF1201,GRU,Sao Paulo,MAA,Chennai,2025-02-01T00:10:00Z,2025-02-02T04:36:00Z,1706,1,SIN,208,Economy,1618.28,USD,5,B777-300ER,80,False,False,high,summer_peak,False
F030601,TK,Turkish Airlines,star,TK8903;TK3789,DOH,Doha,MEL,Melbourne,2025-05-31T14:45:00Z,2025-06-01T17:33:00Z,1608,1,IST,224,Economy,908.84,USD,9,A350-900,83,True,True,medium,shoulder,False
F030701,UA,United Airlines,star,UA5212;UA1207,MAA,Chennai,IST,Istanbul,2026-03-16T09:05:00Z,2026-03-17T05:32:00Z,1227,1,ICN,155,Economy,418.07,USD,8,A320neo,83,True,True,medium,shoulder,False
F030801,KE,Korean Air,skyteam,KE8090,IST,Istanbul,BOM,Mumbai,2025-01-10T09:30:00Z,2025-01-10T16:12:00Z,402,0,,0,Economy,531.32,USD,8,E190,90,False,True,low,winter_low,False
F030901,AI,Air India,star,AI7460,JFK,New York,CPT,Cape Town,2025-03-27T10:40:00Z,2025-03-28T03:02:00Z,982,0,,0,Economy,1010.83,USD,8,A380-800,87,True,False,medium,shoulder,False
F031001,AI,Air India,star,AI3525;AI3599,ORD,Chicago,MAA,Chennai,2025-08-27T15:45:00Z,2025-08-28T16:22:00Z,1477,1,SFO,132,Business,4705.16,USD,2,B787-9,74,True,True,high,summer_peak,False
F031101,DL,Delta,skyteam,DL5800;DL1953,GIG,Rio de Janeiro,BKK,Bangkok,2025-04-22T19:25:00Z,2025-04-23T21:53:00Z,1588,1,IST,175,Economy,1243.65,USD,5,B777-300ER,81,False,False,medium,shoulder,False
F031201,NH,ANA,star,NH6328;NH5446;NH5842,DEL,Delhi,FRA,Frankfurt,2025-12-08T23:45:00Z,2025-12-10T07:15:00Z,1890,2,NRT;DXB,366,Economy,508.32,USD,9,A350-900,82,True,False,medium,shoulder,False
F031301,SQ,Singapore Airlines,star,SQ5798;SQ8580;SQ284,MAA,Chennai,GIG,Rio de Janeiro,2026-05-13T09:35:00Z,2026-05-15T11:01:00Z,2966,2,CDG;HKG,201,Economy,1090.03,USD,9,E190,77,True,False,medium,shoulder,False
F031401,AA,American Airlines,oneworld,AA3739;AA3773;AA9980,DOH,Doha,DPS,Bali,2025-12-10T09:15:00Z,2025-12-12T05:03:00Z,2628,2,ICN;SFO,292,Economy,537.95,USD,7,B737-800,76,False,False,medium,shoulder,False
F031501,JL,Japan Airlines,oneworld,JL3690;JL7897;JL3678,HKG,Hong Kong,BCN,Barcelona,2026-04-27T14:25:00Z,2026-04-28T12:04:00Z,1299,2,ICN;FRA,302,Premium Economy,1322.42,USD,8,B787-9,83,True,False,medium,shoulder,False
F031601,SQ,Singapore Airlines,star,SQ3027;SQ9285;SQ1565,BKK,Bangkok,AKL,Auckland,2026-04-09T07:35:00Z,2026-04-11T13:56:00Z,3261,2,SFO;DXB,144,Economy,894.94,USD,6,E190,76,False,False,high,spring_break,True
F031701,AA,American Airlines,oneworld,AA6137,BOM,Mumbai,SFO,San Francisco,2025-07-24T22:30:00Z,2025-07-25T16:03:00Z,1053,0,,0,Premium Economy,3242.06,USD,7,A380-800,84,True,False,high,summer_peak,False
F031801,EK,Emirates,none,EK1821,BOM,Mumbai,LAX,Los Angeles,2025-04-09T10:25:00Z,2025-04-10T04:34:00Z,1089,0,,0,Business,7001.93,USD,7,B737-800,89,True,True,high,spring_break,True
F031901,TK,Turkish Airlines,star,TK1858;TK8510,GRU,Sao Paulo,MEX,Mexico City,2026-05-03T15:20:00Z,2026-05-05T11:08:00Z,2628,1,SIN,105,Economy,594.64,USD,5,E190,82,False,True,medium,shoulder,False
F032001,AA,American Airlines,oneworld,AA1348,IST,Istanbul,AMS,Amsterdam,2025-02-13T07:25:00Z,2025-02-13T10:48:00Z,203,0,,0,Economy,256.12,USD,9,A320neo,88,False,False,low,winter_low,False
F032101,KE,Korean Air,skyteam,KE8780;KE3002,LAX,Los Angeles,ICN,Seoul,2025-02-19T12:35:00Z,2025-02-20T05:21:00Z,1006,1,SFO,205,Premium Economy,1117.99,USD,4,A320neo,84,True,False,low,winter_low,False
F032201,DL,Delta,skyteam,DL3371,LHR,London,AMS,Amsterdam,2026-03-01T10:40:00Z,2026-03-01T11:47:00Z,67,0,,0,Economy,90.85,USD,4,B767-300,92,True,False,medium,shoulder,False
F032301,UA,United Airlines,star,UA6701;UA3645,HKG,Hong Kong,ORD,Chicago,2025-02-19T06:45:00Z,2025-02-20T09:43:00Z,1618,1,DOH,208,Economy,948.75,USD,7,B787-9,83,False,True,low,winter_low,False
F032401,DL,Delta,skyteam,DL7077,HKG,Hong Kong,SFO,San Francisco,2025-04-17T12:45:00Z,2025-04-18T03:19:00Z,874,0,,0,Economy,1299.33,USD,7,A321neo,80,False,False,high,spring_break,True
F032501,TG,Thai Airways,star,TG5758;TG7240,ORD,Chicago,DOH,Doha,2025-03-25T06:55:00Z,2025-03-26T01:13:00Z,1098,1,FRA,152,Economy,836.45,USD,3,E190,80,False,True,medium,shoulder,False
F032601,BA,British Airways,oneworld,BA8301;BA4694,HKG,Hong Kong,ORD,Chicago,2026-01-11T20:50:00Z,2026-01-12T17:21:00Z,1231,1,ICN,207,Business,3054.31,USD,9,A380-800,85,True,True,low,winter_low,False
F032701,KL,KLM,skyteam,KL7347;KL4784,NRT,Tokyo,DOH,Doha,2025-10-01T02:00:00Z,2025-10-01T16:17:00Z,857,1,DXB,151,Economy,622.77,USD,9,A380-800,86,False,False,medium,shoulder,False
F032801,TG,Thai Airways,star,TG2581,SIN,Singapore,MAA,Chennai,2025-07-14T03:35:00Z,2025-07-14T07:54:00Z,259,0,,0,Economy,490.03,USD,5,E190,87,True,True,high,summer_peak,False
F032901,AA,American Airlines,oneworld,AA7516;AA2965,SVO,Moscow,NRT,Tokyo,2025-10-25T17:10:00Z,2025-10-26T12:52:00Z,1182,1,DOH,210,First,3006.76,USD,5,E190,79,True,True,medium,shoulder,False
F033001,AI,Air India,star,AI9659;AI4212,PEK,Beijing,ICN,Seoul,2025-09-02T22:20:00Z,2025-09-03T18:57:00Z,1237,1,DOH,167,Economy,98.19,USD,9,A320neo,86,True,False,medium,shoulder,False
F033101,QR,Qatar Airways,oneworld,QR3303;QR9414;QR6438,LHR,London,FRA,Frankfurt,2026-01-23T16:15:00Z,2026-01-25T01:14:00Z,1979,2,ICN;DXB,328,First,269.07,USD,6,A320neo,84,True,True,low,winter_low,False
F033201,KE,Korean Air,skyteam,KE7150;KE6628,FRA,Frankfurt,GIG,Rio de Janeiro,2025-10-21T10:20:00Z,2025-10-22T00:40:00Z,860,1,CDG,59,Business,2461.76,USD,6,A320neo,80,True,True,medium,shoulder,False
F033301,NH,ANA,star,NH3011;NH9267,MAA,Chennai,AKL,Auckland,2025-07-26T06:15:00Z,2025-07-27T07:08:00Z,1493,1,DXB,128,Economy,1202.91,USD,6,A330-300,78,False,False,high,summer_peak,False
F033401,KL,KLM,skyteam,KL7432,LAX,Los Angeles,BKK,Bangkok,2025-03-18T22:40:00Z,2025-03-19T15:56:00Z,1036,0,,0,Business,4858.79,USD,5,A380-800,89,True,True,medium,shoulder,False
F033501,AF,Air France,skyteam,AF375,PEK,Beijing,PVG,Shanghai,2025-03-02T12:15:00Z,2025-03-02T14:17:00Z,122,0,,0,Economy,164.74,USD,7,E190,85,True,False,medium,shoulder,False
F033601,NH,ANA,star,NH678;NH2559,DXB,Dubai,NRT,Tokyo,2025-09-09T21:45:00Z,2025-09-10T21:25:00Z,1420,1,CDG,220,Economy,654.59,USD,3,A380-800,82,True,False,medium,shoulder,False
F033701,AA,American Airlines,oneworld,AA2319;AA4810;AA4999,KUL,Kuala Lumpur,FCO,Rome,2025-07-12T09:50:00Z,2025-07-13T18:52:00Z,1982,2,DXB;ICN,270,Economy,858.69,USD,2,B787-9,73,False,False,high,summer_peak,False
F033801,AI,Air India,star,AI6847;AI3990;AI827,SVO,Moscow,DXB,Dubai,2025-07-27T20:40:00Z,2025-07-29T05:17:00Z,1957,2,ICN;CDG,283,Economy,310.66,USD,3,A320neo,74,False,False,high,summer_peak,False
F033901,KL,KLM,skyteam,KL6335,HKG,Hong Kong,SFO,San Francisco,2026-06-26T20:05:00Z,2026-06-27T10:39:00Z,874,0,,0,Economy,1494.64,USD,6,B767-300,87,True,True,high,summer_peak,False
F034001,QF,Qantas,oneworld,QF2957;QF7722;QF5027,CDG,Paris,IST,Istanbul,2025-05-24T09:45:00Z,2025-05-26T00:32:00Z,2327,2,JFK;HKG,198,Business,526.45,USD,6,B767-300,83,True,True,medium,shoulder,False
F034101,LH,Lufthansa,star,LH5371;LH7083,SFO,San Francisco,DPS,Bali,2025-02-21T02:10:00Z,2025-02-22T06:50:00Z,1720,1,DOH,78,First,5912.02,USD,6,A321neo,80,True,True,low,winter_low,False
F034201,UA,United Airlines,star,UA8495;UA3836,SIN,Singapore,KUL,Kuala Lumpur,2025-10-06T02:35:00Z,2025-10-07T08:19:00Z,1784,1,FRA,185,Business,103.84,USD,8,B767-300,84,True,True,medium,shoulder,False
F034301,DL,Delta,skyteam,DL4452,DOH,Doha,YYZ,Toronto,2026-06-02T21:55:00Z,2026-06-03T12:10:00Z,855,0,,0,Economy,1524.07,USD,4,B767-300,82,True,False,high,summer_peak,False
F034401,BA,British Airways,oneworld,BA6108,CDG,Paris,BKK,Bangkok,2025-04-03T16:35:00Z,2025-04-04T05:03:00Z,748,0,,0,Economy,959.59,USD,8,E190,88,False,False,medium,shoulder,False
F034501,KL,KLM,skyteam,KL5728,DXB,Dubai,FRA,Frankfurt,2026-05-16T08:20:00Z,2026-05-16T15:03:00Z,403,0,,0,Premium Economy,876.73,USD,4,A320neo,86,True,False,medium,shoulder,False
F034601,EK,Emirates,none,EK3030,SIN,Singapore,DEL,Delhi,2025-11-26T18:05:00Z,2025-11-26T23:56:00Z,351,0,,0,Economy,743.01,USD,2,A320neo,85,False,False,high,thanksgiving_peak,True
F034701,QF,Qantas,oneworld,QF5985,HKG,Hong Kong,NRT,Tokyo,2025-07-04T12:25:00Z,2025-07-04T16:47:00Z,262,0,,0,Economy,550.07,USD,3,B787-9,91,True,False,high,summer_peak,False
F034801,TG,Thai Airways,star,TG4250;TG8078,MEL,Melbourne,FRA,Frankfurt,2025-07-03T10:45:00Z,2025-07-04T10:09:00Z,1404,1,DXB,88,Economy,1022.03,USD,6,A380-800,82,True,False,low,winter_low,False
F034901,EK,Emirates,none,EK6525;EK9157,ORD,Chicago,LHR,London,2025-01-10T06:50:00Z,2025-01-10T19:54:00Z,784,1,AMS,182,Economy,500.16,USD,7,A380-800,86,False,True,low,winter_low,False
F035001,TK,Turkish Airlines,star,TK2577,SVO,Moscow,SIN,Singapore,2026-03-22T10:55:00Z,2026-03-22T22:08:00Z,673,0,,0,Business,3151.14,USD,3,A321neo,88,True,True,medium,shoulder,False
F035101,TG,Thai Airways,star,TG2918;TG8174,SFO,San Francisco,HKG,Hong Kong,2025-11-06T17:30:00Z,2025-11-07T12:53:00Z,1163,1,LAX,169,Economy,882.73,USD,9,A320neo,83,False,False,medium,shoulder,False
F035201,NH,ANA,star,NH4405;NH5441,FCO,Rome,DOH,Doha,2025-03-28T07:25:00Z,2025-03-29T15:22:00Z,1917,1,LAX,71,Economy,377.77,USD,9,B787-9,82,True,False,medium,shoulder,False
F035301,EK,Emirates,none,EK8498;EK6484;EK5850,JFK,New York,SYD,Sydney,2025-03-09T08:25:00Z,2025-03-11T05:27:00Z,2702,2,HKG;DXB,264,Premium Economy,2373.77,USD,7,A350-900,77,True,True,medium,shoulder,False
F035401,UA,United Airlines,star,UA3295;UA4807,CPT,Cape Town,SYD,Sydney,2025-11-30T09:05:00Z,2025-12-01T22:42:00Z,2257,1,CDG,205,Economy,1113.87,USD,3,B777-300ER,77,True,False,high,thanksgiving_peak,True
F035501,QF,Qantas,oneworld,QF6687;QF4144,SIN,Singapore,SVO,Moscow,2025-02-13T19:20:00Z,2025-02-15T02:26:00Z,1866,1,JFK,75,Economy,706.17,USD,4,E190,85,True,False,low,winter_low,False
F035601,TG,Thai Airways,star,TG6962;TG8751,SYD,Sydney,SFO,San Francisco,2026-04-30T20:55:00Z,2026-05-01T17:18:00Z,1223,1,LAX,199,Economy,923.12,USD,3,A380-800,84,True,False,medium,shoulder,False
F035701,LH,Lufthansa,star,LH2800,CPT,Cape Town,DEL,Delhi,2025-04-22T18:30:00Z,2025-04-23T06:46:00Z,736,0,,0,Business,3176.41,USD,8,A320neo,91,True,True,medium,shoulder,False
F035801,BA,British Airways,oneworld,BA3622;BA3092,GIG,Rio de Janeiro,DPS,Bali,2025-08-14T15:20:00Z,2025-08-15T22:10:00Z,1850,1,AMS,143,Business,3803.7,USD,6,E190,83,True,True,low,winter_low,False
F035901,JL,Japan Airlines,oneworld,JL9117,AMS,Amsterdam,FCO,Rome,2025-03-19T08:00:00Z,2025-03-19T10:17:00Z,137,0,,0,Economy,220.31,USD,9,B777-300ER,95,True,True,medium,shoulder,False
F036001,AI,Air India,star,AI1123,DXB,Dubai,GRU,Sao Paulo,2025-03-10T01:15:00Z,2025-03-10T17:11:00Z,956,0,,0,Economy,1052.01,USD,8,A350-900,88,False,False,medium,shoulder,False
F036101,QR,Qatar Airways,oneworld,QR2230,SYD,Sydney,LHR,London,2025-08-25T16:25:00Z,2025-08-26T14:21:00Z,1316,0,,0,Economy,1761.89,USD,6,B777-300ER,91,True,False,low,winter_low,False
F036201,AI,Air India,star,AI2507,AMS,Amsterdam,SFO,San Francisco,2025-05-11T12:45:00Z,2025-05-12T00:23:00Z,698,0,,0,Economy,906.26,USD,6,A321neo,86,True,False,medium,shoulder,False
F036301,TK,Turkish Airlines,star,TK2819;TK6577;TK8949,SFO,San Francisco,GRU,Sao Paulo,2026-02-17T17:35:00Z,2026-02-19T13:20:00Z,2625,2,NRT;ICN,422,Business,1964.02,USD,7,B777-300ER,77,True,True,low,winter_low,False
F036401,KL,KLM,skyteam,KL3582,LAX,Los Angeles,AMS,Amsterdam,2026-02-21T16:25:00Z,2026-02-22T04:16:00Z,711,0,,0,Economy,748.09,USD,7,A350-900,87,False,False,low,winter_low,False
F036501,EK,Emirates,none,EK4243,LHR,London,BKK,Bangkok,2026-03-07T11:40:00Z,2026-03-08T00:18:00Z,758,0,,0,Business,4235.33,USD,8,A321neo,89,True,True,medium,shoulder,False
F036601,UA,United Airlines,star,UA3442,CPT,Cape Town,AMS,Amsterdam,2025-10-29T16:50:00Z,2025-10-30T05:36:00Z,766,0,,0,Economy,877.24,USD,4,A380-800,89,True,False,medium,shoulder,False
F036701,SQ,Singapore Airlines,star,SQ8970;SQ996,MEX,Mexico City,YYZ,Toronto,2026-06-19T16:20:00Z,2026-06-20T02:17:00Z,597,1,LAX,68,Business,1414.2,USD,5,E190,86,True,True,high,summer_peak,False
F036801,LH,Lufthansa,star,LH2424,JFK,New York,SYD,Sydney,2025-03-23T19:25:00Z,2025-03-24T16:05:00Z,1240,0,,0,Economy,1745.58,USD,7,A321neo,90,True,False,medium,shoulder,False
F036901,DL,Delta,skyteam,DL7342,KUL,Kuala Lumpur,MEX,Mexico City,2025-03-03T16:55:00Z,2025-03-04T14:24:00Z,1289,0,,0,Economy,1656.61,USD,6,A320neo,91,True,False,medium,shoulder,False
F037001,TK,Turkish Airlines,star,TK3506,SFO,San Francisco,AKL,Auckland,2026-06-13T14:50:00Z,2026-06-14T04:38:00Z,828,0,,0,Economy,1633.62,USD,2,A350-900,82,False,False,high,summer_peak,False
F037101,KE,Korean Air,skyteam,KE6666;KE6429,AMS,Amsterdam,BCN,Barcelona,2025-02-23T08:55:00Z,2025-02-23T14:52:00Z,357,1,LHR,164,Business,363.48,USD,4,B767-300,82,True,True,low,winter_low,False
F037201,UA,United Airlines,star,UA2512;UA5179;UA1512,DXB,Dubai,LIS,Lisbon,2026-05-04T22:40:00Z,2026-05-05T16:49:00Z,1089,2,DOH;AMS,434,Economy,374.34,USD,9,B787-9,80,False,False,medium,shoulder,False
F037301,TK,Turkish Airlines,star,TK7036;TK6314;TK6503,ICN,Seoul,AMS,Amsterdam,2025-11-24T15:10:00Z,2025-11-26T06:54:00Z,2384,2,SFO;DOH,240,Economy,891.22,USD,2,A380-800,68,False,True,high,thanksgiving_peak,True
F037401,AF,Air France,skyteam,AF5617;AF1608,SYD,Sydney,YYZ,Toronto,2025-11-27T18:00:00Z,2025-11-29T01:01:00Z,1861,1,LHR,78,Business,5154.49,USD,4,B777-300ER,80,True,True,high,thanksgiving_peak,True
F037501,LH,Lufthansa,star,LH4559;LH8086,NRT,Tokyo,DXB,Dubai,2026-05-25T23:55:00Z,2026-05-26T16:02:00Z,967,1,DOH,237,Economy,547.78,USD,4,A380-800,81,False,False,medium,shoulder,False
F037601,CX,Cathay Pacific,oneworld,CX370,IST,Istanbul,CDG,Paris,2026-04-21T08:15:00Z,2026-04-21T11:41:00Z,206,0,,0,Economy,329.57,USD,9,A380-800,90,True,False,medium,shoulder,False
F037701,JL,Japan Airlines,oneworld,JL4831;JL4270,AMS,Amsterdam,CPT,Cape Town,2025-03-18T19:15:00Z,2025-03-19T23:34:00Z,1699,1,SIN,106,Economy,886.1,USD,6,B787-9,87,False,False,medium,shoulder,False
F037801,TK,Turkish Airlines,star,TK6255;TK8981,PEK,Beijing,SVO,Moscow,2025-12-18T07:30:00Z,2025-12-19T10:35:00Z,1625,1,JFK,161,Business,2593.46,USD,1,A321neo,72,True,True,peak,year_end_holidays,True
F037901,TK,Turkish Airlines,star,TK9192;TK5905,GIG,Rio de Janeiro,SIN,Singapore,2026-05-21T18:30:00Z,2026-05-23T03:50:00Z,2000,1,NRT,130,First,6738.91,USD,6,B777-300ER,80,True,True,medium,shoulder,False
F038001,CX,Cathay Pacific,oneworld,CX6286;CX7713,MEL,Melbourne,JFK,New York,2025-05-09T11:05:00Z,2025-05-10T13:11:00Z,1566,1,NRT,61,Economy,1302.19,USD,5,B777-300ER,86,False,True,medium,shoulder,False
F038101,KL,KLM,skyteam,KL1682,HKG,Hong Kong,DEL,Delhi,2025-07-29T16:40:00Z,2025-07-29T22:00:00Z,320,0,,0,Economy,588.23,USD,3,B787-9,81,True,False,high,summer_peak,False
F038201,TG,Thai Airways,star,TG1816;TG3979;TG8122,SIN,Singapore,SFO,San Francisco,2025-07-27T05:55:00Z,2025-07-28T13:53:00Z,1918,2,HKG;CDG,215,Economy,1280.87,USD,2,E190,73,True,False,high,summer_peak,False
F038301,JL,Japan Airlines,oneworld,JL2585,PEK,Beijing,ICN,Seoul,2025-12-22T11:35:00Z,2025-12-22T13:22:00Z,107,0,,0,Economy,271.86,USD,1,B767-300,82,True,False,peak,year_end_holidays,True
F038401,QF,Qantas,oneworld,QF1356;QF8078,SIN,Singapore,NRT,Tokyo,2026-06-20T07:20:00Z,2026-06-21T05:50:00Z,1350,1,DOH,183,Economy,708.53,USD,7,A320neo,78,False,False,high,summer_peak,False
F038501,AA,American Airlines,oneworld,AA3429;AA4394;AA5835,AMS,Amsterdam,PVG,Shanghai,2025-09-20T14:40:00Z,2025-09-21T19:51:00Z,1751,2,HKG;SIN,459,Economy,528.46,USD,6,A350-900,76,True,False,medium,shoulder,False
F038601,AA,American Airlines,oneworld,AA5245;AA4698,GIG,Rio de Janeiro,YYZ,Toronto,2025-08-26T20:15:00Z,2025-08-27T10:52:00Z,877,1,JFK,174,Business,1828.6,USD,8,E190,81,True,True,low,winter_low,False
F038701,TK,Turkish Airlines,star,TK9541;TK2383,MEL,Melbourne,MAA,Chennai,2025-02-01T11:10:00Z,2025-02-02T02:20:00Z,910,1,SIN,159,Business,3379.95,USD,3,B737-800,76,True,True,high,summer_peak,False
F038801,EK,Emirates,none,EK1878;EK5191;EK2001,CPT,Cape Town,MAA,Chennai,2025-05-11T01:55:00Z,2025-05-12T05:46:00Z,1671,2,DXB;HKG,257,Economy,631.14,USD,7,B777-300ER,78,True,False,medium,shoulder,False
F038901,QF,Qantas,oneworld,QF3205;QF3612,GRU,Sao Paulo,IST,Istanbul,2025-06-02T22:30:00Z,2025-06-04T05:57:00Z,1887,1,LAX,239,Premium Economy,1692.42,USD,7,A380-800,90,True,True,low,winter_low,False
F039001,AI,Air India,star,AI2103,JFK,New York,CDG,Paris,2025-02-25T16:00:00Z,2025-02-25T23:57:00Z,477,0,,0,Economy,449.48,USD,8,B787-9,92,False,True,low,winter_low,False
F039101,NH,ANA,star,NH4212;NH5435,BCN,Barcelona,LAX,Los Angeles,2026-05-11T10:30:00Z,2026-05-12T16:27:00Z,1797,1,HKG,89,Economy,920.51,USD,3,B737-800,89,True,False,medium,shoulder,False
F039201,KE,Korean Air,skyteam,KE6082,GIG,Rio de Janeiro,ICN,Seoul,2025-04-20T19:30:00Z,2025-04-21T18:48:00Z,1398,0,,0,Economy,1991.99,USD,3,E190,89,True,True,medium,shoulder,False
F039301,EK,Emirates,none,EK5657,MEX,Mexico City,NRT,Tokyo,2026-04-24T09:50:00Z,2026-04-25T00:33:00Z,883,0,,0,Economy,1143.26,USD,4,B777-300ER,96,True,False,medium,shoulder,False
F039401,TK,Turkish Airlines,star,TK8788,ICN,Seoul,JFK,New York,2025-05-14T14:15:00Z,2025-05-15T04:46:00Z,871,0,,0,Economy,1169.23,USD,8,B777-300ER,91,True,False,medium,shoulder,False
F039501,AA,American Airlines,oneworld,AA4803,SYD,Sydney,ICN,Seoul,2025-07-26T22:15:00Z,2025-07-27T09:20:00Z,665,0,,0,Economy,854.3,USD,5,A350-900,88,True,False,low,winter_low,False
F039601,DL,Delta,skyteam,DL8438;DL3408;DL4763,IST,Istanbul,DEL,Delhi,2026-03-20T14:45:00Z,2026-03-22T10:04:00Z,2599,2,ICN;LAX,198,Economy,311.57,USD,6,A380-800,79,True,False,medium,shoulder,False
F039701,AA,American Airlines,oneworld,AA9933,AMS,Amsterdam,PEK,Beijing,2026-01-13T06:15:00Z,2026-01-13T16:42:00Z,627,0,,0,Business,2477.09,USD,7,B767-300,87,True,True,low,winter_low,False
F039801,KL,KLM,skyteam,KL4740;KL7261;KL6754,MEL,Melbourne,SIN,Singapore,2026-06-12T17:55:00Z,2026-06-14T11:11:00Z,2476,2,AMS;DOH,282,Economy,337.29,USD,5,A320neo,72,True,False,low,winter_low,False
F039901,AF,Air France,skyteam,AF610,SFO,San Francisco,PEK,Beijing,2025-12-31T21:05:00Z,2026-01-01T09:37:00Z,752,0,,0,Economy,1563.52,USD,3,A380-800,78,False,False,peak,year_end_holidays,True
F040001,TK,Turkish Airlines,star,TK5658;TK8260,SIN,Singapore,DEL,Delhi,2025-02-14T13:15:00Z,2025-02-15T01:45:00Z,750,1,HKG,198,Economy,286.51,USD,7,B777-300ER,80,True,False,low,winter_low,False
F040101,JL,Japan Airlines,oneworld,JL2611;JL7671,AMS,Amsterdam,MEL,Melbourne,2025-06-12T00:10:00Z,2025-06-12T23:18:00Z,1388,1,SIN,68,Economy,1983.92,USD,3,A380-800,86,False,False,high,summer_peak,False
F040201,LH,Lufthansa,star,LH8873;LH2448,SYD,Sydney,ORD,Chicago,2025-11-26T07:55:00Z,2025-11-27T18:08:00Z,2053,1,FRA,214,Premium Economy,2770.78,USD,2,A320neo,76,True,True,high,thanksgiving_peak,True
F040301,BA,British Airways,oneworld,BA1136;BA4829,LAX,Los Angeles,YYZ,Toronto,2026-01-17T19:05:00Z,2026-01-19T10:38:00Z,2373,1,SIN,112,Business,884.98,USD,9,A321neo,86,True,True,low,winter_low,False
F040401,KE,Korean Air,skyteam,KE5085,BKK,Bangkok,SIN,Singapore,2025-05-22T21:35:00Z,2025-05-23T00:01:00Z,146,0,,0,Premium Economy,283.68,USD,9,A330-300,86,True,False,medium,shoulder,False
F040501,QR,Qatar Airways,oneworld,QR3488,DOH,Doha,ORD,Chicago,2026-05-08T10:25:00Z,2026-05-09T01:24:00Z,899,0,,0,Business,4231.37,USD,6,E190,95,True,True,medium,shoulder,False
F040601,UA,United Airlines,star,UA7022;UA1025;UA1172,CPT,Cape Town,PVG,Shanghai,2025-06-10T10:20:00Z,2025-06-11T17:46:00Z,1886,2,FRA;HKG,282,Business,2759.32,USD,4,B777-300ER,75,True,True,low,winter_low,False
F040701,EK,Emirates,none,EK9929;EK6506;EK229,DEL,Delhi,AMS,Amsterdam,2026-03-05T09:45:00Z,2026-03-06T11:46:00Z,1561,2,SIN;HKG,243,Economy,488.81,USD,4,B777-300ER,84,True,False,medium,shoulder,False
F040801,AA,American Airlines,oneworld,AA1225;AA2440,PEK,Beijing,BOM,Mumbai,2025-09-15T10:50:00Z,2025-09-16T19:01:00Z,1931,1,SFO,126,Economy,397.51,USD,9,B737-800,86,True,False,medium,shoulder,False
F040901,CX,Cathay Pacific,oneworld,CX9780,FRA,Frankfurt,IST,Istanbul,2025-05-08T21:30:00Z,2025-05-09T00:27:00Z,177,0,,0,Business,801.27,USD,3,A321neo,90,True,True,medium,shoulder,False
F041001,KE,Korean Air,skyteam,KE2238;KE4594,SIN,Singapore,PEK,Beijing,2026-06-08T09:25:00Z,2026-06-09T22:26:00Z,2221,1,JFK,168,Business,1710.1,USD,6,E190,81,True,True,high,summer_peak,False
F041101,AA,American Airlines,oneworld,AA2855;AA4425;AA6763,AMS,Amsterdam,SFO,San Francisco,2025-03-15T21:40:00Z,2025-03-17T23:31:00Z,2991,2,JFK;SIN,265,Economy,592.22,USD,6,B767-300,77,True,True,medium,shoulder,False
F041201,CX,Cathay Pacific,oneworld,CX459,LIS,Lisbon,DXB,Dubai,2025-09-29T23:00:00Z,2025-09-30T07:20:00Z,500,0,,0,Economy,751.37,USD,5,B767-300,95,False,True,medium,shoulder,False
F041301,QR,Qatar Airways,oneworld,QR9476,LAX,Los Angeles,IST,Istanbul,2026-03-06T12:40:00Z,2026-03-07T03:05:00Z,865,0,,0,Economy,1216.52,USD,4,A380-800,95,False,False,medium,shoulder,False
F041401,KE,Korean Air,skyteam,KE2818;KE349,SFO,San Francisco,FCO,Rome,2025-07-16T16:50:00Z,2025-07-17T10:24:00Z,1054,1,CDG,220,Business,3400.6,USD,6,A321neo,78,True,True,high,summer_peak,False
F041501,KE,Korean Air,skyteam,KE5686,GIG,Rio de Janeiro,DOH,Doha,2026-03-12T13:10:00Z,2026-03-13T04:14:00Z,904,0,,0,Business,4218.45,USD,7,A330-300,84,True,True,medium,shoulder,False
F041601,QF,Qantas,oneworld,QF7148;QF266;QF7801,MEX,Mexico City,SIN,Singapore,2026-03-21T03:10:00Z,2026-03-23T01:20:00Z,2770,2,AMS;SFO,284,Economy,1240.65,USD,7,A320neo,76,True,False,medium,shoulder,False
F041701,UA,United Airlines,star,UA8962;UA2447;UA7164,FRA,Frankfurt,DXB,Dubai,2025-07-12T11:20:00Z,2025-07-13T21:47:00Z,2067,2,ICN;AMS,279,First,2663.86,USD,6,A330-300,73,True,True,high,summer_peak,False
F041801,AI,Air India,star,AI5653;AI5501,ORD,Chicago,LIS,Lisbon,2025-03-28T09:10:00Z,2025-03-28T21:41:00Z,751,1,CDG,62,First,2551.17,USD,8,B737-800,79,True,True,medium,shoulder,False
F041901,AA,American Airlines,oneworld,AA494;AA9265,DEL,Delhi,SYD,Sydney,2025-06-10T09:25:00Z,2025-06-12T00:24:00Z,2339,1,JFK,178,Economy,1025.4,USD,7,B767-300,80,True,False,high,summer_peak,False
F042001,AA,American Airlines,oneworld,AA2843,LHR,London,DPS,Bali,2025-04-22T11:20:00Z,2025-04-23T03:39:00Z,979,0,,0,Economy,1155.56,USD,7,A320neo,86,False,False,medium,shoulder,False
F042101,AF,Air France,skyteam,AF1508;AF2884,LIS,Lisbon,SFO,San Francisco,2025-12-02T18:25:00Z,2025-12-03T22:38:00Z,1693,1,DXB,177,Economy,664.08,USD,6,B737-800,83,False,True,medium,shoulder,False
F042201,TG,Thai Airways,star,TG4917;TG5926,LAX,Los Angeles,SIN,Singapore,2026-01-27T06:50:00Z,2026-01-28T10:09:00Z,1639,1,AMS,100,Economy,962.03,USD,6,B777-300ER,82,False,False,low,winter_low,False
F042301,EK,Emirates,none,EK6115;EK5589,DOH,Doha,FCO,Rome,2025-03-26T10:00:00Z,2025-03-26T22:40:00Z,760,1,CDG,226,Economy,337.64,USD,8,A380-800,88,True,False,medium,shoulder,False
F042401,TK,Turkish Airlines,star,TK7791;TK5640,LHR,London,KUL,Kuala Lumpur,2026-04-08T20:00:00Z,2026-04-09T18:59:00Z,1379,1,NRT,175,Economy,1021.72,USD,4,B787-9,82,False,True,high,spring_break,True
F042501,JL,Japan Airlines,oneworld,JL2590,SIN,Singapore,BCN,Barcelona,2026-05-30T15:30:00Z,2026-05-31T05:47:00Z,857,0,,0,Economy,1199.26,USD,4,B787-9,90,True,False,medium,shoulder,False
F042601,TG,Thai Airways,star,TG502;TG6419;TG2392,GIG,Rio de Janeiro,AMS,Amsterdam,2025-12-24T18:20:00Z,2025-12-26T20:51:00Z,3031,2,ICN;JFK,284,Economy,1107.38,USD,3,B777-300ER,72,False,True,peak,year_end_holidays,True
F042701,CX,Cathay Pacific,oneworld,CX9492;CX6298,DEL,Delhi,NRT,Tokyo,2026-04-30T18:35:00Z,2026-05-01T04:49:00Z,614,1,ICN,92,Economy,475.4,USD,9,A321neo,87,False,False,medium,shoulder,False
F042801,QF,Qantas,oneworld,QF9836,ORD,Chicago,JFK,New York,2026-03-13T15:05:00Z,2026-03-13T17:14:00Z,129,0,,0,Economy,171.4,USD,3,B777-300ER,91,True,True,medium,shoulder,False
F042901,TK,Turkish Airlines,star,TK5976;TK7515,DEL,Delhi,IST,Istanbul,2026-06-04T08:55:00Z,2026-06-05T05:17:00Z,1222,1,ICN,200,Economy,541.87,USD,2,B787-9,79,False,False,high,summer_peak,False
F043001,AF,Air France,skyteam,AF1114;AF3559;AF1849,PEK,Beijing,LHR,London,2025-01-28T17:30:00Z,2025-01-30T20:34:00Z,3064,2,JFK;SIN,155,Economy,513.09,USD,5,A321neo,75,False,False,low,winter_low,False
F043101,SQ,Singapore Airlines,star,SQ7165;SQ3634;SQ5247,MAA,Chennai,BKK,Bangkok,2025-06-27T01:40:00Z,2025-06-28T08:54:00Z,1874,2,FRA;HKG,373,Premium Economy,406.1,USD,4,B737-800,74,True,False,high,summer_peak,False
F043201,NH,ANA,star,NH7700;NH5506;NH4179,LAX,Los Angeles,SVO,Moscow,2025-01-23T17:55:00Z,2025-01-24T16:01:00Z,1326,2,FRA;LHR,271,First,4184.39,USD,4,A330-300,79,True,True,low,winter_low,False
F043301,DL,Delta,skyteam,DL3290,BKK,Bangkok,AMS,Amsterdam,2026-04-28T19:30:00Z,2026-04-29T07:40:00Z,730,0,,0,Economy,904.32,USD,4,E190,92,True,False,medium,shoulder,False
F043401,AI,Air India,star,AI2044,SYD,Sydney,HKG,Hong Kong,2026-06-30T16:25:00Z,2026-07-01T02:19:00Z,594,0,,0,First,3408.43,USD,5,B777-300ER,90,True,True,low,winter_low,False
F043501,AA,American Airlines,oneworld,AA5713;AA6510;AA3239,FRA,Frankfurt,DOH,Doha,2025-01-17T08:50:00Z,2025-01-18T21:36:00Z,2206,2,JFK;LAX,323,Premium Economy,561.43,USD,6,A330-300,74,True,True,low,winter_low,False
F043601,UA,United Airlines,star,UA2710,DOH,Doha,JFK,New York,2026-05-24T17:30:00Z,2026-05-25T07:37:00Z,847,0,,0,Economy,1081.78,USD,5,A380-800,88,False,True,medium,shoulder,False
F043701,JL,Japan Airlines,oneworld,JL289;JL6923,SIN,Singapore,AMS,Amsterdam,2025-08-01T20:15:00Z,2025-08-02T14:14:00Z,1079,1,CDG,166,Business,4409.66,USD,6,E190,79,True,True,high,summer_peak,False
F043801,AA,American Airlines,oneworld,AA5307,DXB,Dubai,BKK,Bangkok,2026-05-20T08:30:00Z,2026-05-20T15:17:00Z,407,0,,0,Economy,521.67,USD,7,B767-300,91,True,False,medium,shoulder,False
F043901,QF,Qantas,oneworld,QF4627;QF3303;QF9672,SFO,San Francisco,MEL,Melbourne,2025-06-26T16:35:00Z,2025-06-28T07:47:00Z,2352,2,IST;SIN,323,Economy,1398.07,USD,5,A320neo,77,True,False,high,summer_peak,False
F044001,QF,Qantas,oneworld,QF1802,HKG,Hong Kong,SYD,Sydney,2026-02-14T09:40:00Z,2026-02-14T19:34:00Z,594,0,,0,Economy,871.46,USD,4,B777-300ER,94,False,True,low,winter_low,False
F044101,EK,Emirates,none,EK7355;EK9832,ICN,Seoul,CDG,Paris,2025-01-23T22:20:00Z,2025-01-24T15:15:00Z,1015,1,NRT,113,Business,2360.35,USD,9,E190,86,True,True,low,winter_low,False
F044201,EK,Emirates,none,EK6479;EK7611;EK2830,GIG,Rio de Janeiro,CDG,Paris,2025-01-10T22:25:00Z,2025-01-13T04:51:00Z,3266,2,SIN;JFK,378,Economy,976.84,USD,4,A350-900,72,False,False,high,summer_peak,False
F044301,QR,Qatar Airways,oneworld,QR6766,SIN,Singapore,DEL,Delhi,2025-07-08T15:20:00Z,2025-07-08T21:11:00Z,351,0,,0,Economy,642.66,USD,7,A320neo,91,False,False,high,summer_peak,False
F044401,BA,British Airways,oneworld,BA5096,DOH,Doha,MEX,Mexico City,2025-09-19T08:50:00Z,2025-09-20T03:08:00Z,1098,0,,0,Economy,1386.72,USD,5,A350-900,90,True,False,medium,shoulder,False
F044501,QR,Qatar Airways,oneworld,QR7757;QR937;QR4854,SFO,San Francisco,DOH,Doha,2025-09-02T03:15:00Z,2025-09-04T12:19:00Z,3424,2,SIN;JFK,329,Economy,984.53,USD,3,E190,77,False,False,medium,shoulder,False
F044601,BA,British Airways,oneworld,BA1380;BA9047,GIG,Rio de Janeiro,AMS,Amsterdam,2025-06-29T19:50:00Z,2025-06-30T22:27:00Z,1597,1,SFO,62,Economy,734.56,USD,7,A330-300,84,True,False,low,winter_low,False
F044701,QF,Qantas,oneworld,QF6009,SIN,Singapore,JFK,New York,2025-04-30T09:40:00Z,2025-05-01T05:30:00Z,1190,0,,0,Economy,1558.74,USD,6,B777-300ER,95,False,True,medium,shoulder,False
F044801,LH,Lufthansa,star,LH6709;LH9537,FRA,Frankfurt,CPT,Cape Town,2025-07-16T07:45:00Z,2025-07-17T18:41:00Z,2096,1,LAX,111,Business,3019.85,USD,7,A321neo,76,True,True,high,summer_peak,False
F044901,DL,Delta,skyteam,DL1854,CPT,Cape Town,FRA,Frankfurt,2025-09-06T18:25:00Z,2025-09-07T06:49:00Z,744,0,,0,Economy,874.08,USD,4,A350-900,89,False,False,medium,shoulder,False
F045001,QF,Qantas,oneworld,QF9582,HKG,Hong Kong,JFK,New York,2025-05-23T12:45:00Z,2025-05-24T05:37:00Z,1012,0,,0,Economy,1408.58,USD,7,A320neo,89,True,False,medium,shoulder,False
F045101,UA,United Airlines,star,UA2607;UA3039;UA4608,PEK,Beijing,BOM,Mumbai,2025-10-20T21:55:00Z,2025-10-22T15:14:00Z,2479,2,SFO;SIN,335,Economy,303.85,USD,7,B777-300ER,76,True,False,medium,shoulder,False
F045201,CX,Cathay Pacific,oneworld,CX2696;CX8192,BOM,Mumbai,MEL,Melbourne,2025-05-27T11:50:00Z,2025-05-28T08:36:00Z,1246,1,ICN,109,Economy,827.08,USD,5,E190,85,False,False,medium,shoulder,False
F045301,BA,British Airways,oneworld,BA8396;BA1307,BOM,Mumbai,SYD,Sydney,2025-03-05T14:25:00Z,2025-03-07T05:20:00Z,2335,1,JFK,116,Economy,864.52,USD,9,E190,81,False,True,medium,shoulder,False
F045401,EK,Emirates,none,EK4092,MEX,Mexico City,IST,Istanbul,2025-10-12T21:35:00Z,2025-10-13T12:29:00Z,894,0,,0,Economy,1226.95,USD,7,A380-800,91,True,False,medium,shoulder,False
F045501,TG,Thai Airways,star,TG8536;TG224;TG4733,ICN,Seoul,SVO,Moscow,2025-07-05T13:05:00Z,2025-07-07T10:36:00Z,2731,2,LAX;SIN,199,Premium Economy,1151.82,USD,2,A321neo,70,True,False,high,summer_peak,False
F045601,EK,Emirates,none,EK4250;EK6843,ORD,Chicago,CDG,Paris,2026-03-14T16:20:00Z,2026-03-16T01:05:00Z,1965,1,HKG,227,Economy,567.34,USD,9,A330-300,82,False,False,medium,shoulder,False
F045701,QF,Qantas,oneworld,QF1449,ORD,Chicago,BKK,Bangkok,2025-02-04T21:40:00Z,2025-02-05T15:32:00Z,1072,0,,0,Economy,1568.25,USD,8,B787-9,91,False,False,low,winter_low,False
F045801,JL,Japan Airlines,oneworld,JL956;JL2834;JL5669,DXB,Dubai,YYZ,Toronto,2025-07-01T10:40:00Z,2025-07-02T16:51:00Z,1811,2,HKG;JFK,232,Economy,1035.64,USD,7,A350-900,76,False,False,high,summer_peak,False
F045901,QR,Qatar Airways,oneworld,QR5698;QR3181,SYD,Sydney,DEL,Delhi,2026-03-29T18:25:00Z,2026-03-31T02:51:00Z,1946,1,CDG,104,Economy,984.4,USD,8,A321neo,82,True,False,medium,shoulder,False
F046001,DL,Delta,skyteam,DL164,SIN,Singapore,AKL,Auckland,2026-03-27T19:40:00Z,2026-03-28T06:50:00Z,670,0,,0,Economy,818.3,USD,6,E190,86,True,True,medium,shoulder,False
F046101,BA,British Airways,oneworld,BA2450;BA5802,NRT,Tokyo,LAX,Los Angeles,2025-06-03T15:50:00Z,2025-06-04T09:13:00Z,1043,1,ICN,147,Economy,996.97,USD,5,B767-300,74,True,True,high,summer_peak,False
F046201,QR,Qatar Airways,oneworld,QR9664;QR3573,DOH,Doha,SFO,San Francisco,2025-08-06T09:55:00Z,2025-08-07T14:30:00Z,1715,1,SIN,152,Economy,1597.16,USD,6,A330-300,79,True,False,high,summer_peak,False
F046301,TG,Thai Airways,star,TG5987;TG6255,JFK,New York,PEK,Beijing,2025-12-08T15:55:00Z,2025-12-09T16:22:00Z,1467,1,DOH,118,Economy,738.88,USD,7,E190,82,False,True,medium,shoulder,False
F046401,AF,Air France,skyteam,AF1772;AF2745,FCO,Rome,MEL,Melbourne,2025-11-05T13:05:00Z,2025-11-06T13:54:00Z,1489,1,DXB,211,Premium Economy,2117.97,USD,9,B737-800,83,True,True,medium,shoulder,False
F046501,JL,Japan Airlines,oneworld,JL140,LAX,Los Angeles,MAA,Chennai,2025-11-30T10:25:00Z,2025-12-01T05:07:00Z,1122,0,,0,Economy,2140.71,USD,3,B787-9,91,True,False,high,thanksgiving_peak,True
F046601,LH,Lufthansa,star,LH3190,DOH,Doha,CDG,Paris,2025-02-06T00:45:00Z,2025-02-06T07:37:00Z,412,0,,0,Premium Economy,828.84,USD,8,A330-300,91,True,False,low,winter_low,False
F046701,NH,ANA,star,NH4132;NH9412,ICN,Seoul,PEK,Beijing,2026-02-05T22:05:00Z,2026-02-06T16:57:00Z,1132,1,DXB,110,Economy,107.35,USD,9,A321neo,87,True,False,low,winter_low,False
F046801,TG,Thai Airways,star,TG5002;TG2941;TG3575,CDG,Paris,NRT,Tokyo,2026-06-29T11:15:00Z,2026-06-30T20:32:00Z,1997,2,JFK;LHR,306,Economy,956.97,USD,4,B737-800,76,True,False,high,summer_peak,False
F046901,AF,Air France,skyteam,AF8161,DPS,Bali,AMS,Amsterdam,2025-05-04T13:35:00Z,2025-05-05T05:26:00Z,951,0,,0,Economy,1252.23,USD,7,A321neo,90,True,False,medium,shoulder,False
F047001,BA,British Airways,oneworld,BA4466,DOH,Doha,ORD,Chicago,2025-05-25T16:10:00Z,2025-05-26T07:09:00Z,899,0,,0,Economy,1263.8,USD,6,B767-300,91,True,False,medium,shoulder,False
F047101,TK,Turkish Airlines,star,TK8377,LAX,Los Angeles,BKK,Bangkok,2025-03-05T12:55:00Z,2025-03-06T06:11:00Z,1036,0,,0,Economy,1245.44,USD,7,E190,85,True,True,medium,shoulder,False
F047201,TG,Thai Airways,star,TG327,DOH,Doha,DXB,Dubai,2026-06-24T06:40:00Z,2026-06-24T07:48:00Z,68,0,,0,Economy,123.9,USD,4,A330-300,81,True,True,high,summer_peak,False
F047301,QR,Qatar Airways,oneworld,QR8667,DOH,Doha,KUL,Kuala Lumpur,2026-02-28T21:35:00Z,2026-03-01T05:38:00Z,483,0,,0,Economy,602.8,USD,9,B787-9,95,True,False,low,winter_low,False
F047401,CX,Cathay Pacific,oneworld,CX2635;CX2216,DXB,Dubai,LIS,Lisbon,2026-04-23T18:50:00Z,2026-04-24T21:23:00Z,1593,1,SIN,184,Premium Economy,1081.22,USD,6,B737-800,86,True,False,medium,shoulder,False
F047501,LH,Lufthansa,star,LH5710;LH1840,AKL,Auckland,YYZ,Toronto,2025-09-06T11:05:00Z,2025-09-07T08:58:00Z,1313,1,SFO,173,Economy,1069.84,USD,6,B777-300ER,81,True,False,medium,shoulder,False
F047601,NH,ANA,star,NH8692;NH1380,GIG,Rio de Janeiro,BCN,Barcelona,2025-02-13T19:05:00Z,2025-02-14T10:57:00Z,952,1,LHR,92,Economy,933.53,USD,7,B737-800,81,False,True,high,summer_peak,False
F047701,QR,Qatar Airways,oneworld,QR3732;QR1996,FRA,Frankfurt,HKG,Hong Kong,2026-02-19T08:25:00Z,2026-02-20T11:16:00Z,1611,1,JFK,95,Economy,695.1,USD,7,E190,85,True,False,low,winter_low,False
F047801,BA,British Airways,oneworld,BA4057;BA7709,NRT,Tokyo,GIG,Rio de Janeiro,2025-12-08T09:55:00Z,2025-12-09T15:09:00Z,1754,1,DXB,185,Economy,1236.22,USD,3,A330-300,78,True,True,medium,shoulder,False
F047901,UA,United Airlines,star,UA5451,DXB,Dubai,LIS,Lisbon,2026-03-24T19:10:00Z,2026-03-25T03:30:00Z,500,0,,0,Economy,618.94,USD,6,E190,88,True,True,medium,shoulder,False
F048001,DL,Delta,skyteam,DL846;DL2406;DL6345,HKG,Hong Kong,DEL,Delhi,2025-11-28T21:35:00Z,2025-11-30T16:31:00Z,2576,2,SFO;SIN,293,Economy,395.13,USD,4,B787-9,73,False,False,high,thanksgiving_peak,True
F048101,QR,Qatar Airways,oneworld,QR4490;QR7760,DXB,Dubai,LIS,Lisbon,2026-06-17T11:55:00Z,2026-06-18T13:09:00Z,1514,1,SIN,105,Economy,759.84,USD,6,A330-300,84,True,False,high,summer_peak,False
F048201,TK,Turkish Airlines,star,TK8271,HKG,Hong Kong,MEX,Mexico City,2025-08-22T12:30:00Z,2025-08-23T06:51:00Z,1101,0,,0,Economy,1775.88,USD,4,B787-9,83,False,False,high,summer_peak,False
F048301,TK,Turkish Airlines,star,TK2139,SFO,San Francisco,GRU,Sao Paulo,2025-03-04T13:20:00Z,2025-03-05T03:02:00Z,822,0,,0,Economy,1169.38,USD,6,B767-300,90,True,True,medium,shoulder,False
F048401,KE,Korean Air,skyteam,KE8628,SFO,San Francisco,SIN,Singapore,2025-03-24T22:40:00Z,2025-03-25T16:18:00Z,1058,0,,0,Economy,1537.1,USD,8,A350-900,92,False,False,medium,shoulder,False
F048501,DL,Delta,skyteam,DL5617;DL5816,MEX,Mexico City,DEL,Delhi,2025-08-13T09:35:00Z,2025-08-14T10:00:00Z,1465,1,DOH,136,Economy,1482.03,USD,5,A380-800,82,False,False,high,summer_peak,False
F048601,LH,Lufthansa,star,LH8859,HKG,Hong Kong,SFO,San Francisco,2026-06-05T12:20:00Z,2026-06-06T02:54:00Z,874,0,,0,Business,4874.47,USD,4,A330-300,87,True,True,high,summer_peak,False
F048701,AI,Air India,star,AI8587;AI4994,GIG,Rio de Janeiro,AKL,Auckland,2026-04-19T00:30:00Z,2026-04-20T08:58:00Z,1948,1,JFK,223,Economy,790.66,USD,3,B767-300,82,True,True,medium,shoulder,False
F048801,EK,Emirates,none,EK8503;EK6423;EK9896,LHR,London,SYD,Sydney,2026-01-15T19:40:00Z,2026-01-17T04:16:00Z,1956,2,JFK;LAX,219,Economy,985.39,USD,6,A380-800,81,True,False,low,winter_low,False
F048901,BA,British Airways,oneworld,BA9871;BA3015,PEK,Beijing,DPS,Bali,2025-02-12T19:15:00Z,2025-02-13T06:26:00Z,671,1,SIN,130,Economy,429.5,USD,6,A330-300,86,False,False,low,winter_low,False
F049001,TK,Turkish Airlines,star,TK7898;TK1925,SFO,San Francisco,BOM,Mumbai,2025-10-09T08:25:00Z,2025-10-10T08:26:00Z,1441,1,IST,192,Economy,1065.84,USD,8,B767-300,82,False,False,medium,shoulder,False
F049101,QR,Qatar Airways,oneworld,QR8760;QR2219,IST,Istanbul,HKG,Hong Kong,2026-03-14T09:15:00Z,2026-03-15T18:39:00Z,2004,1,LAX,225,Business,2571.53,USD,7,E190,82,True,True,medium,shoulder,False
F049201,SQ,Singapore Airlines,star,SQ2979;SQ1216,MEX,Mexico City,ORD,Chicago,2025-05-19T17:40:00Z,2025-05-20T02:04:00Z,504,1,JFK,83,Business,749.03,USD,6,A330-300,84,True,True,medium,shoulder,False
F049301,KE,Korean Air,skyteam,KE3457;KE1198,AMS,Amsterdam,MEX,Mexico City,2025-10-16T08:05:00Z,2025-10-17T00:04:00Z,959,1,LHR,185,Business,2270.13,USD,7,B777-300ER,85,True,True,medium,shoulder,False
F049401,KE,Korean Air,skyteam,KE240,BCN,Barcelona,FRA,Frankfurt,2025-06-04T16:15:00Z,2025-06-04T18:17:00Z,122,0,,0,Economy,195.78,USD,6,A380-800,82,False,True,high,summer_peak,False
F049501,AA,American Airlines,oneworld,AA2278,DOH,Doha,JFK,New York,2026-02-05T09:30:00Z,2026-02-05T23:37:00Z,847,0,,0,Business,3850.79,USD,8,A380-800,84,True,True,low,winter_low,False
F049601,TG,Thai Airways,star,TG7564;TG8474,SIN,Singapore,FCO,Rome,2025-12-01T12:10:00Z,2025-12-02T05:16:00Z,1026,1,AMS,61,Economy,794.65,USD,8,B767-300,80,True,True,medium,shoulder,False
F049701,EK,Emirates,none,EK894,IST,Istanbul,DEL,Delhi,2025-03-24T12:40:00Z,2025-03-24T19:02:00Z,382,0,,0,Economy,529.77,USD,4,A330-300,90,True,False,medium,shoulder,False
F049801,BA,British Airways,oneworld,BA933,HKG,Hong Kong,DEL,Delhi,2026-04-13T09:30:00Z,2026-04-13T14:50:00Z,320,0,,0,First,2672.55,USD,7,A330-300,83,True,True,high,spring_break,True
F049901,TG,Thai Airways,star,TG9948,NRT,Tokyo,DPS,Bali,2026-05-14T21:20:00Z,2026-05-15T05:00:00Z,460,0,,0,Economy,578.83,USD,4,B787-9,84,False,True,medium,shoulder,False
